Rk,Player,Nation,Pos,Squad,Age,Born,90s,Touches Touches,Touches Def Pen,Touches Def 3rd,Touches Mid 3rd,Touches Att 3rd,Touches Att Pen,Touches Live,Take-Ons Att,Take-Ons Succ,Take-Ons Succ%,Take-Ons Tkld,Take-Ons Tkld%,Carries Carries,Carries TotDist,Carries PrgDist,Carries PrgC,Carries 1/3,Carries CPA,Carries Mis,Carries Dis,Receiving Rec,Receiving PrgR
1,Sabit Abdulai,GHA,MF,Getafe,21,1999,0.7,19,0,2,11,6,0,19,2,1,50.0,1,50.0,11,21,11,0,1,0,1,0,10,2
2,Marcos Acuña,ARG,DF,Sevilla,28,1991,25.9,2019,61,661,878,502,30,2019,61,41,67.2,20,32.8,1103,5721,3242,65,50,12,40,29,1330,133
3,Bobby Adekanye,NED,FW|MF,Cádiz,21,1999,0.4,18,1,2,5,11,3,18,1,1,100.0,0,0.0,13,103,68,4,3,0,3,0,11,4
4,Martin Agirregabiria,ESP,DF|MF,Alavés,24,1996,17.3,888,41,314,418,164,9,888,6,2,33.3,4,66.7,380,1426,691,11,11,2,14,4,424,36
5,Joseph Aidoo,GHA,DF,Celta Vigo,24,1995,14.3,816,121,498,304,22,12,816,3,2,66.7,1,33.3,470,2286,1311,11,3,1,10,3,463,1
6,Carlos Akapo,EQG,DF,Cádiz,27,1993,9.6,468,42,211,190,71,3,468,10,6,60.0,4,40.0,162,980,537,12,8,2,11,3,149,15
7,Paul Akouokou,CIV,MF,Betis,22,1997,4.2,231,10,57,156,19,0,231,4,3,75.0,1,25.0,122,716,338,4,4,0,3,2,143,1
8,Jony Álamo,ESP,MF,Elche,18,2001,0.8,25,0,11,10,4,1,25,4,4,100.0,0,0.0,13,78,31,1,0,0,1,1,13,1
9,Jordi Alba,ESP,DF|FW,Barcelona,31,1989,33.6,3199,77,636,1277,1300,118,3199,32,17,53.1,15,46.9,1972,7428,3552,48,44,14,32,14,2389,354
10,Raúl Albiol,ESP,DF,Villarreal,34,1985,34.6,2327,286,1186,1098,55,11,2327,6,4,66.7,2,33.3,1420,8867,5461,19,13,1,10,6,1634,2
11,Paco Alcácer,ESP,FW,Villarreal,26,1993,17.2,381,9,33,167,182,69,379,11,8,72.7,3,27.3,194,624,267,12,3,8,31,9,267,77
12,Pedro Alcalá,ESP,DF,Cádiz,31,1989,10.1,389,75,228,158,5,4,389,1,1,100.0,0,0.0,175,836,433,1,4,0,0,0,183,0
13,Rubén Alcaraz,ESP,MF,Valladolid,29,1991,24.1,1383,61,337,877,186,23,1383,19,14,73.7,5,26.3,759,3942,1891,25,26,1,25,14,841,21
14,Iván Alejo,ESP,MF|FW,Cádiz,25,1995,9.2,348,14,64,106,185,20,348,25,13,52.0,12,48.0,202,2031,1030,46,25,5,27,14,219,79
15,Carles Aleñá,ESP,MF,Barcelona,22,1998,0.5,46,1,12,24,10,1,46,0,0,,0,,24,109,65,1,0,0,2,1,42,1
16,Carles Aleñá,ESP,MF|FW,Getafe,22,1998,15.2,719,8,62,361,315,16,719,36,23,63.9,13,36.1,434,2413,1054,20,31,1,28,18,491,51
17,Alfon,ESP,MF,Celta Vigo,21,1999,0.4,21,0,0,6,15,2,21,2,1,50.0,1,50.0,20,81,39,0,1,0,3,0,20,5
18,Sergio Álvarez,ESP,MF|DF,Eibar,28,1992,17.4,869,35,187,544,143,19,869,10,8,80.0,2,20.0,392,1754,624,9,11,1,21,12,459,15
19,Yeray Álvarez,ESP,DF,Athletic Club,25,1995,21.6,1294,119,607,649,48,15,1294,12,11,91.7,1,8.3,681,4512,2621,19,11,0,8,2,769,2
20,Emmanuel Amankwaa Akurugu,GHA,DF,Getafe,18,2001,0.5,18,0,4,11,3,0,18,0,0,,0,,12,113,64,2,0,0,1,0,10,1
21,Jon Ander Garrido,ESP,MF,Cádiz,30,1989,8.9,317,24,101,179,38,7,317,3,2,66.7,1,33.3,112,364,129,0,2,0,8,5,134,3
22,Marcos André,BRA,FW,Valladolid,23,1996,13.1,357,13,37,141,186,43,357,26,13,50.0,13,50.0,191,1169,574,26,13,11,43,17,269,67
23,Ángel,ESP,GK,Granada,18,2002,1.0,41,37,41,0,0,0,41,0,0,,0,,9,27,15,0,0,0,0,0,7,0
24,José Ángel,ESP,DF,Eibar,30,1989,10.0,775,24,172,401,212,3,775,8,8,100.0,0,0.0,396,1953,982,14,19,1,11,5,416,24
25,Miguel Ángel Rubio,ESP,DF,Valladolid,22,1998,1.5,74,12,50,23,1,1,74,0,0,,0,,27,107,22,0,0,0,0,0,29,0
26,José Antonio Miranda,EQG,MF|DF,Getafe,22,1998,0.3,20,0,0,7,13,2,20,0,0,,0,,14,106,46,2,1,0,1,2,17,3
27,Aritz Arambarri,ESP,DF,Real Sociedad,22,1998,0.3,23,0,4,16,3,1,23,1,0,0.0,1,100.0,10,30,11,0,0,0,1,0,12,0
28,Mauro Arambarri,URU,MF,Getafe,24,1995,33.1,1443,39,223,814,436,31,1443,56,36,64.3,20,35.7,716,4368,1745,38,44,9,39,31,721,50
29,Néstor Araujo,MEX,DF,Celta Vigo,28,1991,27.0,1804,215,965,804,46,10,1804,5,5,100.0,0,0.0,1105,6431,3838,26,15,0,15,0,1236,1
30,Ronald Araújo,URU,DF,Barcelona,21,1999,16.8,1213,151,536,640,42,12,1213,8,8,100.0,0,0.0,815,3850,2161,9,7,1,6,2,879,2
31,Anaitz Arbilla,ESP,DF,Eibar,33,1987,31.2,2222,119,720,1256,284,13,2222,30,25,83.3,5,16.7,1109,6550,3244,37,26,3,22,9,1156,19
32,Unai Arietaleanizbeaskoa,ESP,FW|MF,Eibar,21,1999,0.5,14,0,0,6,8,0,14,0,0,,0,,9,27,11,0,0,0,3,0,11,6
33,Sergio Arribas,ESP,MF|FW,Real Madrid,18,2001,1.5,104,2,23,48,36,2,104,6,6,100.0,0,0.0,68,399,210,8,3,2,3,3,78,13
34,Sergio Asenjo,ESP,GK,Villarreal,31,1989,36.0,1378,1165,1376,2,0,0,1378,0,0,,0,,743,3466,2213,0,0,0,1,0,658,0
35,Marco Asensio,ESP,FW|MF,Real Madrid,24,1996,20.8,1179,17,126,444,617,71,1179,39,29,74.4,10,25.6,761,5310,2520,92,62,16,32,23,935,166
36,Iago Aspas,ESP,FW,Celta Vigo,32,1987,31.8,1559,29,146,699,731,147,1554,85,60,70.6,25,29.4,973,5564,2651,93,48,47,56,27,1231,269
37,Miguel Atienza,ESP,MF,Eibar,21,1999,9.3,424,15,64,262,99,7,424,3,1,33.3,2,66.7,211,938,373,5,5,0,5,5,235,10
38,Ezequiel Ávila,ARG,FW|MF,Osasuna,26,1994,2.2,76,0,9,35,32,5,76,2,0,0.0,2,100.0,37,179,79,1,1,0,1,7,59,9
39,Ramon Azeez,NGA,MF,Granada,27,1992,1.1,43,1,5,28,10,2,43,0,0,,0,,24,64,13,0,0,0,1,1,26,2
40,Carlos Bacca,COL,FW,Villarreal,33,1986,8.7,244,1,20,108,118,38,244,14,5,35.7,9,64.3,139,664,308,11,11,4,20,11,178,52
41,Édgar Badía,ESP,GK,Elche,28,1992,30.0,1228,1117,1226,2,1,1,1228,0,0,,0,,591,2683,1693,1,1,1,1,0,507,0
42,Alex Baena,ESP,MF,Villarreal,19,2001,1.5,74,2,13,27,34,2,74,4,2,50.0,2,50.0,38,220,100,5,4,0,0,2,53,12
43,Miguel Baeza,ESP,MF|FW,Celta Vigo,20,2000,6.0,269,4,61,106,102,19,269,8,2,25.0,6,75.0,142,681,290,9,10,3,15,3,189,26
44,Mikel Balenziaga,ESP,DF,Athletic Club,32,1988,18.8,1106,59,325,555,231,2,1106,15,10,66.7,5,33.3,550,2848,1630,28,15,1,19,10,614,48
45,Barcia,ESP,DF,Granada,19,2000,1.0,48,7,29,16,3,0,48,0,0,,0,,15,103,10,0,0,0,0,0,11,0
46,Enis Bardhi,MKD,MF,Levante,25,1995,18.7,1098,26,206,504,405,35,1098,57,35,61.4,22,38.6,703,3605,1903,44,41,5,42,36,772,117
47,Kike Barja,ESP,MF|FW,Osasuna,23,1997,15.9,697,13,106,294,313,32,697,82,54,65.9,28,34.1,468,3015,1281,46,29,8,55,40,506,143
48,Marc Baró,ESP,DF,Cádiz,20,1999,1.0,28,2,10,10,9,1,28,1,1,100.0,0,0.0,9,71,47,3,1,1,0,0,4,2
49,Antonio Barragán,ESP,DF,Elche,33,1987,24.8,1527,133,691,630,210,11,1527,16,11,68.8,5,31.3,831,3526,1829,34,29,3,15,7,985,63
50,Ander Barrenetxea,ESP,MF|FW,Real Sociedad,18,2001,14.5,612,8,87,251,286,32,612,67,39,58.2,28,41.8,389,2805,1247,37,23,12,50,35,424,106
51,Marc Bartra,ESP,DF,Betis,29,1991,18.8,1173,132,605,530,44,14,1173,8,7,87.5,1,12.5,599,2610,1394,4,9,0,12,1,722,4
52,Álvaro Bastida,ESP,MF,Cádiz,16,2004,0.4,8,0,2,6,0,0,8,0,0,,0,,4,4,4,0,0,0,0,0,6,0
53,Rodrigo Battaglia,ARG,MF,Alavés,29,1991,27.7,1253,84,366,770,129,20,1253,25,18,72.0,7,28.0,717,3705,1663,22,13,0,18,15,765,14
54,Jon Bautista,ESP,FW,Real Sociedad,25,1995,4.1,147,4,9,60,81,23,147,6,4,66.7,2,33.3,81,368,168,5,5,2,16,4,109,26
55,Fran Beltrán,ESP,MF|FW,Celta Vigo,21,1999,15.5,921,40,246,515,162,7,921,11,9,81.8,2,18.2,569,2585,1016,8,16,1,18,13,637,21
56,Sergio Benito,ESP,FW,Valladolid,21,1999,0.0,0,0,0,0,0,0,0,0,0,,0,,0,0,0,0,0,0,0,0,0,0
57,Karim Benzema,FRA,FW,Real Madrid,32,1987,32.2,1533,31,119,588,837,217,1532,62,39,62.9,23,37.1,857,5094,2603,107,66,46,58,39,1287,256
58,Yuri Berchiche,ESP,DF,Athletic Club,30,1990,18.7,1294,37,280,617,406,40,1294,35,17,48.6,18,51.4,657,4077,2156,55,41,13,24,13,772,105
59,Álex Berenguer,ESP,MF|FW,Athletic Club,25,1995,25.3,1276,27,163,406,730,75,1276,73,35,47.9,38,52.1,640,4115,2105,64,52,21,55,39,821,201
60,Pedro Bigas,ESP,DF,Eibar,29,1990,17.0,807,63,376,375,72,14,807,2,1,50.0,1,50.0,315,1755,919,9,9,0,10,0,347,7
61,Alejandro Blanco,ESP,MF,Valencia,21,1998,6.4,224,10,51,74,99,22,224,12,4,33.3,8,66.7,140,907,404,17,7,5,19,17,148,44
62,Rubén Blanco,ESP,GK,Celta Vigo,25,1995,18.2,697,603,696,1,0,0,697,0,0,,0,,381,1898,972,0,0,0,0,0,352,0
63,Alejandro Blesa,ESP,MF,Levante,18,2002,0.1,12,0,2,9,1,0,12,0,0,,0,,11,74,43,0,0,0,0,0,11,0
64,Yann Bodiger,FRA,MF,Cádiz,25,1995,2.8,130,6,31,72,28,5,130,3,0,0.0,3,100.0,75,454,241,4,4,1,4,6,73,5
65,Yassine Bounou,MAR,GK,Sevilla,29,1991,33.0,1159,1036,1154,5,1,1,1159,1,1,100.0,0,0.0,648,2998,1488,0,0,0,0,0,592,0
66,Lucas Boyé,ARG,FW,Elche,24,1996,29.9,1137,31,112,619,427,95,1137,117,66,56.4,51,43.6,690,3281,1164,43,29,17,163,79,815,117
67,Martin Braithwaite,DEN,FW,Barcelona,29,1991,13.1,391,10,40,131,221,70,390,16,9,56.3,7,43.8,240,1230,539,20,14,14,32,16,310,91
68,Darko Brašanac,SRB,MF,Osasuna,28,1992,10.1,390,14,57,192,144,32,390,6,4,66.7,2,33.3,179,819,411,22,5,8,11,16,233,46
69,Álvaro Bravo,ESP,MF,Granada,22,1998,0.2,12,0,5,5,2,0,12,0,0,,0,,8,44,8,0,0,0,1,1,8,0
70,Claudio Bravo,CHI,GK,Betis,37,1983,20.0,699,590,696,3,0,0,699,3,3,100.0,0,0.0,367,1849,1229,0,0,0,0,0,297,0
71,Yan Brice Eteki,CMR,MF,Granada,22,1997,14.7,480,22,130,292,66,2,480,11,9,81.8,2,18.2,218,832,261,0,1,0,16,8,249,9
72,Juan Brunet,ARG,MF,Granada,22,1998,0.3,10,1,3,3,4,0,10,0,0,,0,,2,7,1,0,1,0,0,0,5,0
73,Ante Budimir,CRO,FW,Osasuna,29,1991,18.1,617,21,54,294,273,90,617,26,13,50.0,13,50.0,300,1229,401,14,15,9,68,34,455,103
74,Esteban Burgos,ARG,DF,Eibar,28,1992,12.3,677,73,317,347,17,12,674,1,1,100.0,0,0.0,308,1668,767,4,0,0,4,2,340,0
75,Burgui,ESP,MF,Alavés,26,1993,0.2,11,0,2,5,4,0,11,0,0,,0,,8,49,33,1,3,0,0,0,8,2
76,Sergio Busquets,ESP,MF,Barcelona,32,1988,28.0,2903,66,480,1831,599,13,2903,9,8,88.9,1,11.1,1752,5980,2947,25,48,1,24,10,2321,29
77,Erick Cabaco,URU,DF,Getafe,25,1995,14.7,609,47,262,316,35,12,609,2,0,0.0,2,100.0,248,1298,697,6,3,0,8,0,241,1
78,Cala,ESP,DF,Cádiz,30,1989,25.2,971,139,503,443,33,20,971,4,4,100.0,0,0.0,425,1868,925,3,4,0,9,2,439,2
79,Jonathan Calleri,ARG,FW,Osasuna,26,1993,17.2,570,10,35,239,307,89,570,40,17,42.5,22,55.0,291,1452,504,20,16,5,60,30,414,97
80,Dani Calvo,ESP,DF,Elche,26,1994,19.8,924,118,572,334,21,13,924,3,2,66.7,1,33.3,482,2428,1307,2,1,0,6,0,579,2
81,José Campaña,ESP,MF,Levante,27,1993,8.3,614,11,107,316,203,14,613,40,23,57.5,17,42.5,368,2071,1032,26,23,4,17,13,431,48
82,Sergio Canales,ESP,MF|FW,Betis,29,1991,27.8,1967,16,209,1046,737,60,1964,43,32,74.4,11,25.6,1279,7483,4000,102,76,10,42,26,1556,127
83,Álex Cantero,ESP,FW,Levante,20,2000,2.6,62,3,4,27,32,8,62,6,4,66.7,2,33.3,42,226,85,5,0,4,8,4,48,13
84,Ander Capa,ESP,DF,Athletic Club,28,1992,23.7,1426,67,370,677,394,31,1426,55,29,52.7,26,47.3,628,4225,2714,66,53,2,23,15,717,100
85,Étienne Capoue,FRA,MF,Villarreal,32,1988,13.2,872,40,238,555,83,3,872,18,12,66.7,6,33.3,474,2068,935,10,11,0,10,8,640,4
86,Isaac Carcelen,ESP,DF,Cádiz,27,1993,28.7,1422,125,545,578,312,8,1422,40,34,85.0,6,15.0,539,2693,1325,31,26,5,27,25,525,43
87,Cárdenas,ESP,GK,Levante,23,1997,8.0,291,235,287,4,0,0,291,0,0,,0,,146,689,439,0,0,0,0,0,112,0
88,Marc Cardona,ESP,FW|DF,Osasuna,25,1995,0.6,31,1,6,19,6,3,31,0,0,,0,,12,50,6,0,0,0,1,0,22,5
89,Diego Carlos,BRA,DF,Sevilla,27,1993,31.0,2136,313,1183,914,45,24,2136,8,8,100.0,0,0.0,1384,5039,2047,5,7,1,8,1,1600,2
90,Juan Carlos,ESP,MF|FW,Huesca,29,1991,3.2,138,1,16,68,55,12,138,8,5,62.5,3,37.5,96,767,303,5,7,1,14,11,105,17
91,Yannick Carrasco,BEL,DF|MF,Atlético Madrid,26,1993,24.2,1333,22,195,466,700,118,1333,120,66,55.0,54,45.0,817,6198,3476,146,85,60,60,51,868,212
92,Sergio Carreira,ESP,DF,Celta Vigo,19,2000,2.9,144,10,48,65,31,4,144,1,0,0.0,1,100.0,72,281,118,0,3,0,2,0,84,14
93,Guido Carrillo,ARG,FW,Elche,29,1991,11.1,417,15,26,233,162,39,417,13,8,61.5,5,38.5,196,757,268,9,14,0,28,11,328,30
94,Dani Carvajal,ESP,DF,Real Madrid,28,1992,10.6,942,44,279,411,259,18,942,14,8,57.1,6,42.9,497,2116,1098,21,15,5,19,3,605,62
95,William Carvalho,POR,MF,Betis,28,1992,13.6,1079,25,180,758,150,12,1079,24,18,75.0,6,25.0,661,2317,1227,10,12,0,15,12,848,19
96,Casemiro,BRA,MF,Real Madrid,28,1992,32.2,2369,122,725,1279,376,59,2369,23,13,56.5,10,43.5,1175,4643,2332,20,28,5,30,28,1601,45
97,Sofian Chakla,MAR,DF,Villarreal,26,1993,0.1,10,1,6,3,1,1,10,0,0,,0,,2,3,0,0,0,0,0,0,5,0
98,Sofian Chakla,MAR,DF,Getafe,26,1993,10.0,342,48,192,143,10,5,342,0,0,,0,,102,518,256,2,2,0,4,1,88,1
99,Chema,ESP,DF|MF,Getafe,28,1992,6.2,224,28,99,115,14,3,224,0,0,,0,,81,394,195,2,1,0,2,0,76,0
100,Denis Cheryshev,RUS,MF,Valencia,29,1990,12.2,464,13,76,180,217,43,464,20,8,40.0,12,60.0,264,1706,862,37,27,12,24,10,315,95
101,Samuel Chukwueze,NGA,MF|FW,Villarreal,21,1999,15.2,728,10,82,239,419,90,728,79,39,49.4,40,50.6,492,4084,2179,84,49,37,46,23,552,177
102,Víctor Chust,ESP,DF,Real Madrid,20,2000,1.1,89,14,57,31,1,0,89,1,0,0.0,1,100.0,42,235,90,0,0,0,1,0,56,0
103,Cifu,ESP,DF,Elche,29,1990,5.0,274,14,92,125,62,2,274,7,2,28.6,5,71.4,130,671,284,9,7,0,6,3,130,16
104,Alberto Cifuentes,ESP,GK,Cádiz,41,1979,2.0,70,49,70,0,0,0,70,0,0,,0,,24,153,93,0,0,0,0,0,18,0
105,Jasper Cillessen,NED,GK,Valencia,31,1989,10.0,349,320,347,2,0,0,349,0,0,,0,,167,884,636,0,0,0,0,0,116,0
106,Carlos Clerc,ESP,DF,Levante,28,1992,30.9,1982,83,622,831,551,33,1982,55,36,65.5,18,32.7,1060,5948,3239,87,55,6,36,17,1160,196
107,Coke,ESP,DF,Levante,33,1987,9.3,566,42,237,235,96,9,566,7,4,57.1,3,42.9,285,1203,589,10,7,3,8,3,331,23
108,Francis Coquelin,FRA,MF,Villarreal,29,1991,8.2,586,21,129,363,103,13,586,15,12,80.0,3,20.0,329,1254,656,10,9,1,6,6,419,20
109,Iñigo Córdoba,ESP,FW|MF,Athletic Club,23,1997,1.1,47,0,10,17,20,2,47,3,2,66.7,1,33.3,19,91,46,1,1,0,2,0,29,7
110,Iñigo Córdoba,ESP,MF,Alavés,23,1997,2.4,108,2,24,45,43,3,108,4,4,100.0,0,0.0,53,210,92,2,3,1,8,4,63,15
111,Ángel Correa,ARG,FW|MF,Atlético Madrid,25,1995,26.6,1218,16,157,489,585,147,1218,90,53,58.9,37,41.1,721,3199,1546,64,32,33,77,57,884,186
112,Rober Correa,ESP,DF,Eibar,27,1992,12.6,769,32,221,371,183,10,769,17,13,76.5,4,23.5,318,1482,717,15,19,0,18,6,320,26
113,Thierry Correia,POR,DF,Valencia,21,1999,23.7,1480,89,522,622,357,13,1480,45,27,60.0,18,40.0,741,3823,2019,48,32,2,20,12,827,94
114,Diego Costa,ESP,FW,Atlético Madrid,31,1988,2.3,94,2,6,40,49,17,93,1,1,100.0,0,0.0,57,228,66,3,5,2,7,6,91,21
115,Jaume Costa,ESP,DF|MF,Villarreal,32,1988,3.9,288,15,85,128,78,4,288,6,3,50.0,3,50.0,151,825,515,9,7,1,3,5,169,20
116,Thibaut Courtois,BEL,GK,Real Madrid,28,1992,38.0,1404,1219,1401,3,0,0,1404,0,0,,0,,804,4413,2274,0,0,0,2,0,743,0
117,Philippe Coutinho,BRA,MF|FW,Barcelona,28,1992,7.3,584,7,36,244,310,38,584,15,11,73.3,4,26.7,387,2308,1257,38,35,15,9,7,506,61
118,Juan Cruz Armada,ESP,DF,Osasuna,28,1992,21.8,1052,67,347,509,200,3,1052,11,8,72.7,3,27.3,396,1988,836,19,19,1,18,8,456,41
119,Sergio Cubero Ezcurra,ESP,MF,Eibar,20,1999,0.0,1,0,0,1,0,0,1,0,0,,0,,0,0,0,0,0,0,0,0,0,0
120,Cucho,COL,FW|MF,Getafe,21,1999,16.3,712,8,46,280,398,53,712,43,30,69.8,13,30.2,452,2673,1226,51,35,17,63,44,557,98
121,Marc Cucurella,ESP,MF,Getafe,22,1998,36.0,1738,26,215,687,865,86,1738,59,24,40.7,35,59.3,894,4768,2328,77,53,24,83,42,1031,219
122,Patrick Cutrone,ITA,FW,Valencia,22,1998,1.2,31,0,2,18,11,3,31,1,1,100.0,0,0.0,22,76,37,1,1,0,4,0,23,6
123,Moussa Dembélé,FRA,FW,Atlético Madrid,24,1996,1.1,46,0,1,21,25,10,46,2,2,100.0,0,0.0,28,294,93,4,2,2,6,1,38,12
124,Ousmane Dembélé,FRA,FW,Barcelona,23,1997,19.7,1258,6,72,376,830,136,1258,99,63,63.6,36,36.4,921,6842,3716,140,100,62,51,31,1041,288
125,Sergiño Dest,USA,DF|FW,Barcelona,19,2000,21.2,1501,40,300,553,657,77,1501,60,29,48.3,31,51.7,968,4665,2582,74,38,26,34,26,1081,218
126,Deyverson,BRA,FW,Alavés,29,1991,9.7,434,13,52,200,187,29,434,18,9,50.0,9,50.0,195,727,246,5,7,1,32,11,290,48
127,Abdoulay Diaby,MLI,DF,Getafe,29,1991,0.2,17,0,0,3,14,4,17,1,0,0.0,1,100.0,10,94,50,2,1,0,0,1,11,4
128,Mouctar Diakhaby,GUI,DF,Valencia,23,1996,23.1,1220,225,748,435,47,22,1220,9,7,77.8,2,22.2,746,3764,1973,7,7,1,11,1,769,8
129,Víctor Díaz,ESP,DF,Granada,32,1988,9.2,495,57,202,192,106,2,495,5,1,20.0,4,80.0,199,828,341,8,10,0,4,2,193,9
130,Papakouli Diop,SEN,MF,Eibar,34,1986,25.8,1112,56,214,700,206,26,1112,9,7,77.8,2,22.2,496,1963,700,12,9,3,23,13,540,21
131,Djené,TOG,DF,Getafe,28,1991,32.7,1321,146,573,695,80,8,1321,15,13,86.7,2,13.3,563,3230,1548,11,13,3,19,12,469,11
132,Marko Dmitrović,SRB,GK,Eibar,28,1992,34.7,1149,914,1137,8,4,2,1147,1,1,100.0,0,0.0,552,2982,1764,0,0,0,1,0,417,0
133,Jaume Doménech,ESP,GK,Valencia,29,1990,28.0,975,859,968,7,0,0,975,1,1,100.0,0,0.0,425,2361,1492,0,0,0,1,0,345,0
134,Carlos Dominguez,ESP,DF,Celta Vigo,19,2001,4.0,202,47,133,64,7,4,202,0,0,,0,,131,670,360,2,0,1,2,0,130,0
135,John Donald,ESP,DF|MF,Elche,19,2000,0.6,20,1,13,7,0,0,20,0,0,,0,,17,131,52,0,0,0,1,0,19,0
136,Cheick Doukouré,CIV,MF|FW,Levante,27,1992,1.1,57,1,10,36,12,0,57,1,1,100.0,0,0.0,36,142,45,0,1,0,0,2,32,2
137,Idrissa Doumbia,CIV,MF,Huesca,22,1998,8.7,481,22,126,291,69,1,481,13,12,92.3,1,7.7,310,1508,593,8,7,0,11,7,341,4
138,Domingos Duarte,POR,DF,Granada,25,1995,26.3,1165,144,570,564,36,10,1165,2,2,100.0,0,0.0,577,3269,1960,17,10,0,6,4,619,3
139,Óscar Duarte,CRC,DF,Levante,31,1989,22.9,1446,251,816,611,28,15,1446,3,3,100.0,0,0.0,818,3396,1819,6,5,0,5,3,920,3
140,Rubén Duarte,ESP,DF,Alavés,24,1995,28.3,1661,93,542,763,359,12,1661,13,5,38.5,8,61.5,658,2698,1382,27,21,0,16,9,761,54
141,Unai Dufur,ESP,DF,Eibar,21,1999,0.7,51,1,13,25,13,0,51,0,0,,0,,13,50,19,0,0,0,1,0,21,0
142,Hugo Duro,ESP,FW,Real Madrid,20,1999,0.6,12,0,1,3,8,3,12,1,1,100.0,0,0.0,6,20,10,0,0,0,2,0,9,4
143,Aritz Elustondo,ESP,DF,Real Sociedad,26,1994,20.9,1401,114,578,769,64,13,1401,8,4,50.0,4,50.0,896,5468,3621,27,14,1,10,2,918,12
144,Rodrigo Ely,BRA,DF,Alavés,26,1993,5.2,210,32,128,72,11,8,210,1,1,100.0,0,0.0,89,290,94,1,1,0,3,0,99,0
145,Emerson,BRA,DF,Betis,21,1999,33.2,2362,115,636,1018,721,80,2362,47,24,51.1,23,48.9,1184,5814,3265,91,63,19,54,34,1384,186
146,Youssef En-Nesyri,MAR,FW,Sevilla,23,1997,25.7,679,26,64,313,304,138,679,36,15,41.7,21,58.3,320,1511,585,29,14,22,62,23,458,114
147,Sergi Enrich,ESP,FW,Eibar,30,1990,15.6,637,7,41,266,333,94,636,15,7,46.7,8,53.3,284,1105,335,14,9,5,47,18,440,91
148,Aarón Escandell,ESP,GK,Granada,24,1995,5.0,176,133,174,2,0,0,176,0,0,,0,,79,522,309,0,0,0,0,0,49,0
149,Dani Escriche,ESP,FW|MF,Huesca,22,1998,9.5,400,7,53,220,142,24,400,42,16,38.1,26,61.9,220,1530,821,28,23,7,26,14,264,48
150,Sergio Escudero,ESP,DF,Sevilla,30,1989,6.3,451,16,126,223,110,8,451,4,2,50.0,2,50.0,254,1160,578,8,15,0,7,2,296,32
151,Alfonso Espino,URU,DF,Cádiz,28,1992,28.9,1363,93,586,548,250,17,1363,28,16,57.1,12,42.9,506,2606,1191,31,17,4,32,16,516,59
152,Vicente Esquerdo,ESP,MF,Valencia,21,1999,2.6,130,4,39,68,23,2,130,4,2,50.0,2,50.0,58,253,67,0,0,0,4,1,79,3
153,Pervis Estupiñán,ECU,DF,Villarreal,22,1998,13.0,831,43,250,298,289,28,831,21,9,42.9,12,57.1,437,2276,1156,39,27,8,28,18,471,120
154,Xabier Etxeita,ESP,DF,Getafe,32,1987,9.8,406,46,177,211,21,10,406,2,1,50.0,1,50.0,147,854,394,2,2,0,6,0,159,1
155,Edu Expósito,ESP,MF,Eibar,23,1996,27.3,1440,24,183,779,496,45,1438,56,41,73.2,15,26.8,758,3650,1684,45,36,8,46,34,866,81
156,Jokin Ezkieta,ESP,GK,Athletic Club,23,1996,1.0,24,21,24,0,0,0,24,0,0,,0,,14,62,35,0,0,0,0,0,9,0
157,Fali,ESP,DF|MF,Cádiz,26,1993,29.3,995,161,424,484,96,19,995,5,4,80.0,1,20.0,418,1764,859,10,12,2,11,4,470,12
158,Ansu Fati,ESP,FW,Barcelona,17,2002,4.8,270,0,12,86,174,39,270,23,11,47.8,12,52.2,183,1296,700,32,16,21,11,8,226,60
159,Nabil Fekir,FRA,MF|FW,Betis,27,1993,29.1,1669,4,83,723,891,106,1666,117,85,72.6,32,27.4,1053,6519,3165,103,88,39,78,83,1323,182
160,Felipe,BRA,DF,Atlético Madrid,31,1989,22.9,1301,185,669,603,39,24,1301,3,3,100.0,0,0.0,701,3635,1638,5,2,0,3,1,753,3
161,João Félix,POR,FW|MF,Atlético Madrid,20,1999,17.5,865,6,67,429,376,54,863,60,30,50.0,30,50.0,578,3145,1640,49,54,10,40,34,749,94
162,Aitor Fernández,ESP,GK,Levante,29,1991,29.0,990,856,983,7,0,0,990,1,0,0.0,1,100.0,512,2232,1503,0,0,0,1,0,425,0
163,Álex Fernández,ESP,MF,Cádiz,27,1992,21.6,1086,26,194,587,322,16,1084,22,15,68.2,7,31.8,537,2738,1188,26,21,3,33,16,628,43
164,Álvaro Fernández,ESP,GK,Huesca,22,1998,22.0,869,740,862,5,2,2,869,0,0,,0,,415,1898,1180,0,0,0,0,0,416,0
165,Andrés Fernández,ESP,GK,Huesca,33,1986,16.0,602,543,600,2,0,0,602,3,3,100.0,0,0.0,306,1232,769,0,0,0,1,0,280,0
166,Augusto Fernández,ARG,MF,Cádiz,34,1986,4.1,160,8,48,104,12,1,160,3,2,66.7,1,33.3,73,390,167,2,2,1,6,5,68,3
167,Carlos Fernández,ESP,FW,Sevilla,24,1996,1.6,53,1,6,27,20,4,53,3,2,66.7,1,33.3,32,172,100,3,1,1,4,2,42,10
168,Carlos Fernández,ESP,FW|MF,Real Sociedad,24,1996,4.3,175,7,22,91,63,13,175,10,4,40.0,6,60.0,101,416,140,3,3,2,19,8,127,33
169,Joaquín Fernández,ESP,DF,Valladolid,24,1996,23.0,1022,173,604,387,36,12,1022,1,1,100.0,0,0.0,494,2189,973,0,2,1,5,6,526,2
170,Fernando,BRA,MF,Sevilla,33,1987,28.3,1837,135,593,1065,194,12,1837,19,11,57.9,8,42.1,973,4313,2052,17,17,1,25,10,1191,22
171,David Ferreiro,ESP,MF|FW,Huesca,32,1988,28.1,1325,13,180,523,649,43,1325,64,44,68.8,20,31.3,788,5108,2292,68,47,12,41,36,845,182
172,Facundo Ferreyra,ARG,FW,Celta Vigo,29,1991,3.3,86,2,9,39,39,12,86,1,0,0.0,1,100.0,33,89,33,1,1,1,5,7,54,10
173,Fidel,ESP,MF|DF,Elche,30,1989,26.6,1510,33,388,669,481,53,1507,88,51,58.0,37,42.0,882,5112,2655,82,51,19,62,40,1011,123
174,Junior Firpo,ESP,DF|MF,Barcelona,23,1996,3.2,265,12,61,121,84,12,265,5,1,20.0,4,80.0,155,718,358,8,8,3,6,0,193,22
175,Kingsley Fobi,GHA,DF,Granada,21,1998,0.5,14,2,5,6,3,1,14,0,0,,0,,6,51,38,1,0,1,0,0,4,1
176,Ramón Folch,ESP,MF,Elche,30,1989,0.0,0,0,0,0,0,0,0,0,0,,0,,0,0,0,0,0,0,0,0,0,0
177,José Fontán,ESP,DF,Celta Vigo,20,2000,7.2,434,45,176,195,64,5,434,6,5,83.3,1,16.7,231,1329,853,12,17,1,5,2,272,11
178,Dimitri Foulquier,FRA,DF,Granada,27,1993,29.6,1407,76,430,634,360,23,1407,49,27,55.1,22,44.9,577,3557,1998,49,35,6,42,26,599,68
179,Juan Foyth,ARG,DF|MF,Villarreal,22,1998,13.0,865,45,284,485,111,7,865,27,22,81.5,5,18.5,458,2669,1507,19,17,0,8,9,542,7
180,Jorge de Frutos,ESP,MF,Levante,23,1997,24.3,1032,14,182,374,498,84,1032,93,46,49.5,47,50.5,597,3955,1982,72,41,26,69,25,688,204
181,Ramiro Funes Mori,ARG,DF,Villarreal,29,1991,8.1,574,66,258,283,35,6,574,1,1,100.0,0,0.0,363,2768,1895,19,14,0,3,4,384,3
182,Javi Galán,ESP,DF,Huesca,25,1994,34.1,2219,82,715,963,582,21,2219,151,121,80.1,30,19.9,1209,8336,4426,94,65,13,65,39,1282,167
183,Enric Gallego,ESP,FW,Osasuna,33,1986,9.0,370,10,32,174,165,31,370,13,6,46.2,7,53.8,163,547,211,5,4,1,36,8,273,46
184,Kévin Gameiro,FRA,FW,Valencia,33,1987,12.0,351,5,27,153,171,27,351,12,4,33.3,8,66.7,196,917,290,7,8,4,24,16,269,68
185,Aleix García,ESP,MF,Eibar,23,1997,4.9,307,5,37,193,83,4,307,2,1,50.0,1,50.0,167,802,323,4,6,1,3,1,217,8
186,Borja García,ESP,MF|FW,Huesca,29,1990,12.4,667,6,85,374,215,23,667,26,21,80.8,5,19.2,413,1930,889,23,18,0,28,30,521,53
187,Dani García,ESP,MF,Athletic Club,30,1990,21.3,1198,51,242,825,138,5,1198,6,6,100.0,0,0.0,563,2589,1253,14,16,1,9,11,732,12
188,David García,ESP,DF,Osasuna,26,1994,35.0,1733,208,799,901,40,24,1733,2,2,100.0,0,0.0,706,3414,1566,4,1,0,5,4,772,2
189,Manu García,ESP,MF,Alavés,34,1986,12.5,528,26,122,345,66,14,528,6,4,66.7,2,33.3,239,1031,390,4,6,0,10,8,309,27
190,Raúl García,ESP,DF|MF,Valladolid,31,1989,5.6,347,16,82,147,121,5,347,9,6,66.7,3,33.3,157,804,423,14,13,4,5,1,171,22
191,Raúl García,ESP,FW|MF,Athletic Club,34,1986,19.4,806,16,75,414,320,78,803,13,7,53.8,6,46.2,324,1494,558,17,19,4,28,15,590,74
192,Rubén García,ESP,MF|FW,Osasuna,27,1993,30.2,1530,29,218,709,628,52,1529,47,25,53.2,22,46.8,798,3738,1664,40,49,9,64,33,984,197
193,Sergi García,ESP,MF,Alavés,21,1999,0.2,9,0,0,5,4,0,9,0,0,,0,,4,38,23,1,0,0,1,0,4,1
194,Unai García,ESP,DF,Osasuna,28,1992,13.8,547,72,269,264,23,9,547,5,5,100.0,0,0.0,246,1380,792,4,3,0,7,0,248,1
195,Mario Gaspar,ESP,DF,Villarreal,29,1990,20.6,1343,81,412,578,364,35,1343,19,11,57.9,8,42.1,599,2640,1498,36,28,3,21,4,784,84
196,Paulo Gazzaniga,ARG,GK,Elche,28,1992,8.0,257,223,256,1,0,0,257,0,0,,0,,126,707,425,0,0,0,0,0,82,0
197,Bryan Gil,ESP,FW,Sevilla,19,2001,0.1,9,0,1,5,3,1,9,0,0,,0,,5,22,20,1,0,1,1,0,7,3
198,Bryan Gil,ESP,MF|FW,Eibar,19,2001,25.2,1318,9,115,406,826,84,1318,121,67,55.4,54,44.6,876,6218,2953,123,69,38,86,36,932,217
199,David Gil,ESP,GK,Cádiz,26,1994,4.0,129,110,129,0,0,0,129,0,0,,0,,62,511,364,0,0,0,0,0,30,0
200,Álvaro Giménez,ESP,FW,Cádiz,29,1991,4.5,142,2,11,61,71,12,142,5,0,0.0,5,100.0,68,211,60,2,4,0,17,2,105,20
201,Dani Gómez,ESP,FW,Levante,22,1998,18.5,519,6,35,221,273,73,519,59,33,55.9,26,44.1,350,2165,978,42,25,23,60,40,425,133
202,Ibai Gómez,ESP,MF,Athletic Club,30,1989,4.7,195,6,31,72,95,7,195,5,4,80.0,1,20.0,99,457,151,1,3,0,5,5,130,28
203,Maxi Gómez,URU,FW,Valencia,23,1996,29.9,792,32,70,403,325,70,792,25,15,60.0,10,40.0,434,1668,698,19,24,4,55,21,617,102
204,Moi Gómez,ESP,MF|FW,Villarreal,26,1994,28.5,1553,26,234,729,606,63,1552,67,36,53.7,31,46.3,958,5398,2530,71,57,11,31,30,1167,143
205,Papu Gómez,ARG,MF|FW,Sevilla,32,1988,10.2,689,7,68,359,267,25,689,23,12,52.2,11,47.8,525,3272,1634,40,32,12,12,16,548,51
206,Sergi Gómez,ESP,DF,Sevilla,28,1992,8.0,601,78,345,254,3,2,601,0,0,,0,,349,1439,683,2,1,0,1,1,479,0
207,Sergio Gómez,ESP,MF|FW,Huesca,19,2000,8.8,569,15,131,230,215,8,569,27,18,66.7,9,33.3,303,2025,935,22,24,1,22,8,347,57
208,Maxime Gonalons,FRA,MF,Granada,31,1989,16.4,881,47,247,575,76,11,881,27,18,66.7,9,33.3,516,2730,1137,18,16,3,11,18,517,8
209,Bruno González,ESP,DF,Valladolid,30,1990,25.1,1026,139,586,426,17,8,1026,4,3,75.0,1,25.0,471,2303,1058,5,3,1,7,1,493,2
210,Diego González,ESP,DF,Elche,25,1995,14.2,867,116,488,358,22,10,867,7,7,100.0,0,0.0,552,2719,1546,7,1,0,2,3,589,1
211,Sergio González,ESP,MF|DF,Cádiz,23,1997,1.0,38,0,17,16,5,2,38,0,0,,0,,18,101,40,0,0,0,1,2,19,0
212,Urko González,ESP,MF,Real Sociedad,19,2001,0.5,35,2,7,28,0,0,35,0,0,,0,,26,153,66,1,0,0,1,0,27,1
213,Andoni Gorosabel,ESP,DF,Real Sociedad,23,1996,26.5,1704,70,440,771,508,39,1704,22,9,40.9,13,59.1,841,4168,2317,55,50,5,32,13,970,127
214,Antoine Griezmann,FRA,FW|MF,Barcelona,29,1991,28.9,1585,23,134,616,846,173,1583,37,26,70.3,11,29.7,907,4066,1742,41,47,12,34,23,1278,224
215,Andrés Guardado,MEX,MF,Betis,33,1986,14.6,901,25,176,580,159,7,901,16,13,81.3,3,18.8,514,2628,1442,26,26,3,15,11,606,27
216,Sergi Guardiola,ESP,FW,Valladolid,29,1991,19.9,751,20,61,305,392,66,749,46,25,54.3,21,45.7,420,2020,790,37,21,13,61,41,586,126
217,Nemanja Gudelj,SRB,MF|DF,Sevilla,28,1991,11.6,901,48,324,526,58,2,901,3,3,100.0,0,0.0,559,2914,1264,4,9,0,9,2,678,3
218,Gonçalo Guedes,POR,MF|FW,Valencia,23,1996,25.4,1068,16,126,423,541,76,1068,97,66,68.0,31,32.0,756,5852,3193,111,86,34,53,50,837,154
219,Ander Guevara,ESP,MF,Real Sociedad,23,1997,23.1,1614,67,377,1028,220,11,1614,16,14,87.5,2,12.5,950,5012,2639,31,24,1,30,21,1123,21
220,John Guidetti,SWE,FW,Alavés,28,1992,2.3,86,2,5,45,36,9,86,0,0,,0,,45,147,50,1,1,0,5,2,68,9
221,Jon Guridi,ESP,MF,Real Sociedad,25,1995,9.2,455,11,53,261,145,16,455,20,12,60.0,8,40.0,270,1548,745,20,17,2,13,9,323,35
222,Raúl Guti,ESP,MF,Elche,23,1996,31.8,1577,29,402,949,244,23,1577,47,29,61.7,18,38.3,906,4233,1672,25,21,2,35,33,1055,22
223,Marcos Mauro López Gutiérrez,ARG,DF,Cádiz,29,1991,20.3,659,110,336,307,17,9,659,0,0,,0,,259,850,296,2,0,0,3,1,299,0
224,Miguel Gutiérrez,ESP,DF,Real Madrid,19,2001,3.5,319,8,70,146,106,5,319,11,6,54.5,5,45.5,184,1154,501,13,10,3,10,0,221,27
225,Munir El Haddadi,MAR,FW,Sevilla,24,1995,9.4,457,7,46,211,204,45,457,22,13,59.1,9,40.9,300,1483,749,22,12,7,17,21,347,66
226,Eden Hazard,BEL,FW|MF,Real Madrid,29,1991,5.9,393,2,35,161,204,25,393,22,14,63.6,8,36.4,278,1991,966,25,16,3,13,10,355,71
227,Mario Hermoso,ESP,DF,Atlético Madrid,25,1995,28.6,2188,120,677,1323,198,16,2188,11,9,81.8,2,18.2,1234,5841,3546,30,23,1,24,9,1510,23
228,Aridane Hernández,ESP,DF,Osasuna,31,1989,22.5,971,145,538,420,19,9,971,6,5,83.3,1,16.7,404,1804,687,3,3,0,13,4,379,0
229,Héctor Herrera,MEX,MF,Atlético Madrid,30,1990,7.6,735,16,152,482,102,5,735,6,4,66.7,2,33.3,422,1929,795,4,9,1,5,4,545,7
230,Sergio Herrera,ESP,GK,Osasuna,27,1993,32.9,1257,963,1244,13,0,0,1257,1,1,100.0,0,0.0,587,3908,2446,0,0,0,5,0,383,0
231,Yangel Herrera,VEN,MF,Granada,22,1998,25.7,1189,63,248,678,274,47,1189,37,21,56.8,16,43.2,519,1960,832,13,16,2,40,20,674,36
232,Pablo Hervías,ESP,DF|MF,Valladolid,27,1993,13.4,839,23,198,339,322,16,839,34,21,61.8,13,38.2,484,3948,1885,73,46,7,20,15,508,66
233,Jordan Holsgrove,SCO,MF,Celta Vigo,20,1999,1.6,121,1,21,73,29,1,121,2,1,50.0,1,50.0,92,378,110,1,3,0,5,3,97,4
234,Vicente Iborra,ESP,MF,Villarreal,32,1988,10.3,687,45,206,417,67,5,687,5,4,80.0,1,20.0,365,1501,707,3,4,0,4,4,496,4
235,Oussama Idrissi,MAR,FW|MF,Sevilla,24,1996,0.3,19,1,4,2,13,5,19,0,0,,0,,11,80,62,4,0,2,2,2,10,4
236,Iglesias,ESP,DF|MF,Getafe,22,1998,6.7,317,17,96,134,87,5,317,10,5,50.0,5,50.0,126,620,239,5,8,1,7,5,123,14
237,Borja Iglesias,ESP,FW,Betis,27,1993,15.7,422,13,29,196,201,72,417,21,10,47.6,11,52.4,222,869,221,7,8,7,50,18,311,72
238,Asier Illarramendi,ESP,MF,Real Sociedad,30,1990,3.7,301,6,61,208,33,1,301,0,0,,0,,173,962,590,5,2,0,0,0,218,3
239,Pablo Insua,ESP,DF,Huesca,26,1993,17.6,905,138,598,291,24,8,905,3,3,100.0,0,0.0,481,2008,1046,3,3,0,4,1,580,3
240,Takashi Inui,JPN,MF|FW,Eibar,32,1988,20.2,757,10,71,265,429,48,757,63,26,41.3,37,58.7,473,3001,1375,59,22,17,53,22,532,119
241,Alexander Isak,SWE,FW,Real Sociedad,20,1999,26.0,704,8,25,303,390,141,703,67,38,56.7,29,43.3,403,2549,1218,44,33,25,54,28,522,153
242,Isco,ESP,MF,Real Madrid,28,1992,10.1,838,10,94,461,296,39,838,44,31,70.5,13,29.5,602,3596,1843,36,31,7,22,17,715,52
243,Jairo Izquierdo,ESP,MF|DF,Cádiz,26,1993,14.2,569,28,147,242,197,10,569,23,14,60.9,9,39.1,323,2274,1266,33,26,3,24,18,317,57
244,Saidy Janko,GAM,DF,Valladolid,24,1995,13.6,746,50,231,334,189,15,746,27,20,74.1,7,25.9,345,2042,1085,30,24,5,17,11,376,64
245,Adnan Januzaj,BEL,FW|MF,Real Sociedad,25,1995,11.3,718,4,44,303,387,38,715,67,45,67.2,22,32.8,484,3075,1574,45,39,10,36,22,557,116
246,Jason,ESP,MF|DF,Valencia,26,1994,4.9,215,8,53,77,91,7,215,20,8,40.0,12,60.0,131,962,488,17,14,2,15,6,134,23
247,Luis Javier Suárez,COL,FW|MF,Granada,22,1997,18.5,503,10,59,182,274,73,503,43,28,65.1,15,34.9,286,2049,916,33,24,18,48,26,324,90
248,Joaquín,ESP,FW|MF,Betis,39,1981,14.3,868,8,77,337,461,35,868,29,20,69.0,9,31.0,513,2916,1515,46,43,7,29,15,650,121
249,John Joe,IRL,MF|FW,Getafe,16,2003,0.7,35,0,1,12,22,6,35,0,0,,0,,20,44,11,1,0,0,6,4,26,10
250,Frenkie de Jong,NED,MF|DF,Barcelona,23,1997,35.0,3052,90,617,1742,726,87,3052,67,58,86.6,9,13.4,2147,12665,7334,95,103,11,35,25,2519,129
251,Luuk de Jong,NED,FW,Sevilla,29,1990,14.1,486,19,44,266,180,61,486,14,9,64.3,5,35.7,227,787,283,6,8,1,34,14,379,66
252,Jony,ESP,MF|FW,Osasuna,29,1991,9.7,510,4,40,191,282,22,510,41,17,41.5,24,58.5,310,1726,784,24,24,5,32,15,357,84
253,Joan Jordán,ESP,MF,Sevilla,26,1994,26.7,2256,58,441,1325,509,29,2256,42,30,71.4,12,28.6,1289,5886,2607,40,43,3,33,21,1736,59
254,Josan,ESP,MF|DF,Elche,30,1989,21.4,1022,39,329,404,304,24,1022,75,40,53.3,35,46.7,605,4104,1928,65,38,10,38,23,669,92
255,Willian José,BRA,FW,Real Sociedad,28,1991,7.7,296,7,28,141,133,27,295,5,2,40.0,3,60.0,165,736,175,3,8,0,12,8,230,29
256,Joselu,ESP,FW,Alavés,30,1990,33.6,1449,61,163,735,558,134,1445,55,28,50.9,27,49.1,692,2185,702,25,16,11,87,36,1121,137
257,Josema,ESP,DF,Elche,24,1996,21.8,1238,120,624,488,134,6,1238,10,9,90.0,1,10.0,620,2976,1744,29,22,1,10,7,720,30
258,Jota,POR,MF|FW,Valladolid,21,1999,7.4,284,3,42,114,137,18,284,23,16,69.6,7,30.4,179,1358,636,20,18,6,11,5,197,50
259,Jota,ESP,MF,Alavés,29,1991,15.5,636,14,107,340,204,12,636,36,17,47.2,19,52.8,396,2292,1135,28,35,2,29,14,401,39
260,Luka Jović,SRB,FW,Real Madrid,22,1997,1.7,52,0,3,20,30,13,52,2,2,100.0,0,0.0,24,98,61,2,2,1,2,1,41,4
261,Juanmi,ESP,FW|MF,Betis,27,1993,6.7,220,4,23,115,84,24,220,11,5,45.5,6,54.5,122,594,249,6,6,3,17,9,149,34
262,Vinicius Júnior,BRA,FW,Real Madrid,20,2000,21.9,1108,7,127,327,676,125,1108,81,44,54.3,36,44.4,817,6149,3837,127,89,48,67,42,888,283
263,Jens Jønsson,DEN,MF,Cádiz,27,1993,29.1,972,71,307,521,153,15,972,21,15,71.4,6,28.6,385,2063,803,12,14,3,22,10,411,13
264,Damian Kądzior,POL,FW|MF,Eibar,28,1992,2.2,91,0,7,21,63,4,91,4,3,75.0,1,25.0,42,169,66,1,1,0,3,2,51,16
265,Lee Kang-in,KOR,FW|MF,Valencia,19,2001,14.0,656,4,75,332,262,16,656,45,38,84.4,7,15.6,428,2642,1170,36,32,5,24,27,503,41
266,Stephane Keller,CMR,DF,Alavés,18,2001,0.2,15,0,7,7,1,0,15,1,0,0.0,1,100.0,11,48,21,0,0,0,0,0,9,0
267,Kenedy,BRA,FW|MF,Granada,24,1996,16.3,551,15,109,196,258,23,551,70,37,52.9,33,47.1,302,2065,932,30,18,8,38,38,287,59
268,Kiké,ESP,FW,Eibar,30,1989,34.3,1336,33,73,541,733,141,1336,54,36,66.7,18,33.3,771,3263,914,36,33,9,140,64,1071,247
269,Giorgi Kochorashvili,GEO,MF,Levante,21,1999,0.3,15,0,2,6,7,0,15,0,0,,0,,9,30,16,0,0,0,0,0,13,1
270,Kenan Kodro,BIH,FW|MF,Valladolid,26,1993,5.1,158,6,14,85,61,15,158,10,4,40.0,6,60.0,90,430,111,4,3,2,8,9,124,15
271,Kenan Kodro,BIH,FW|MF,Athletic Club,26,1993,0.5,12,0,0,7,5,1,11,1,1,100.0,0,0.0,6,46,29,1,0,0,0,0,12,2
272,Koba Koindredi,FRA,MF,Valencia,18,2001,0.2,13,0,3,10,0,0,13,0,0,,0,,9,65,20,0,0,0,0,1,10,0
273,Koke,ESP,MF,Atlético Madrid,28,1992,33.6,2771,63,486,1732,571,29,2771,36,26,72.2,10,27.8,1549,6350,3145,39,40,5,41,33,2060,42
274,Geoffrey Kondogbia,CTA,MF,Valencia,27,1993,4.9,241,13,81,141,27,0,241,13,11,84.6,2,15.4,126,786,329,5,4,0,2,1,145,1
275,Geoffrey Kondogbia,CTA,MF,Atlético Madrid,27,1993,6.8,466,17,113,317,43,5,466,12,10,83.3,2,16.7,260,1581,855,14,8,2,3,2,305,4
276,Youssouf Koné,MLI,DF|MF,Elche,25,1995,0.8,39,0,20,5,14,2,39,2,1,50.0,1,50.0,17,82,34,0,1,1,3,3,18,5
277,Jules Koundé,FRA,DF,Sevilla,21,1998,33.1,2691,293,1159,1301,245,53,2691,40,30,75.0,10,25.0,1737,9090,5344,45,44,5,26,10,2015,26
278,Toni Kroos,GER,MF,Real Madrid,30,1990,23.5,2316,35,369,1321,640,26,2316,18,16,88.9,2,11.1,1451,6989,3618,43,57,9,14,8,1808,47
279,Takefusa Kubo,JPN,MF|FW,Villarreal,19,2001,3.3,186,3,22,68,104,17,186,16,12,75.0,4,25.0,134,1052,550,18,12,6,14,6,140,31
280,Takefusa Kubo,JPN,MF|FW,Getafe,19,2001,8.9,336,6,32,96,213,26,336,34,15,44.1,19,55.9,209,1267,637,21,14,11,33,20,224,57
281,Kuki,ESP,MF,Valladolid,22,1998,0.3,13,0,0,8,5,0,13,0,0,,0,,8,18,6,1,0,0,3,0,9,1
282,Víctor Laguardia,ESP,DF,Alavés,30,1989,29.2,1319,178,775,518,32,17,1319,0,0,,0,,644,2766,1678,10,4,0,6,1,710,3
283,Diego Lainez,MEX,FW|MF,Betis,20,2000,9.6,479,4,63,191,234,50,479,48,30,62.5,18,37.5,329,2444,1248,49,25,18,25,23,354,80
284,Toni Lato,ESP,DF,Valencia,22,1997,8.1,436,24,165,183,90,6,436,7,3,42.9,4,57.1,228,789,361,6,3,1,6,4,236,30
285,Lauti,URU,MF,Celta Vigo,19,2001,0.2,7,1,1,4,2,0,7,0,0,,0,,4,41,0,0,1,0,2,1,6,1
286,Robin Le Normand,ESP,DF,Real Sociedad,23,1996,30.5,1963,198,981,925,69,30,1963,5,5,100.0,0,0.0,1166,6749,3931,22,12,0,9,9,1264,4
287,Jeremías Ledesma,ARG,GK,Cádiz,27,1993,32.0,1108,883,1100,8,0,0,1108,2,1,50.0,1,50.0,468,3815,2681,0,0,0,3,0,271,0
288,Florian Lejeune,FRA,DF,Alavés,29,1991,33.5,1820,274,1071,685,75,34,1820,13,10,76.9,3,23.1,924,4024,1833,5,11,2,13,2,1000,5
289,Iñigo Lekue,ESP,DF,Athletic Club,27,1993,7.2,500,34,111,243,151,5,500,22,13,59.1,9,40.9,264,1719,865,23,24,3,15,9,289,33
290,Thomas Lemar,FRA,MF,Atlético Madrid,24,1995,15.2,962,15,120,461,395,28,962,49,42,85.7,7,14.3,620,3372,1641,37,37,6,25,21,704,102
291,Clément Lenglet,FRA,DF,Barcelona,25,1995,27.5,2524,199,905,1424,199,16,2524,11,8,72.7,3,27.3,1711,8357,5319,33,45,0,8,5,1959,9
292,Pedro León,ESP,MF|FW,Eibar,33,1986,10.4,470,3,43,164,265,16,469,20,14,70.0,6,30.0,234,1086,397,16,10,3,31,7,286,72
293,Sergio León,ESP,FW,Levante,31,1989,8.3,231,1,20,101,116,32,231,10,1,10.0,9,90.0,121,426,191,6,6,5,31,11,157,42
294,Diego Llorente,ESP,DF,Real Sociedad,26,1993,1.0,66,7,36,32,0,0,66,0,0,,0,,44,260,168,2,0,0,0,0,44,0
295,Marcos Llorente,ESP,MF|FW,Atlético Madrid,25,1995,32.8,1723,36,285,827,631,107,1723,66,39,59.1,27,40.9,1016,5622,2762,90,47,27,42,51,1201,215
296,Renan Lodi,BRA,DF|FW,Atlético Madrid,22,1998,12.5,894,30,215,368,317,33,894,29,22,75.9,7,24.1,498,2447,1334,44,26,8,21,9,558,126
297,Adrián López,ESP,FW|MF,Osasuna,32,1988,5.3,257,3,21,107,132,26,257,21,9,42.9,12,57.1,139,905,335,12,11,6,22,9,201,43
298,Javi López,ESP,DF|MF,Alavés,18,2002,2.8,173,3,43,91,41,4,173,8,4,50.0,4,50.0,91,481,202,6,4,2,5,5,89,8
299,Pedro López Muñoz,ESP,DF,Huesca,36,1983,11.9,779,38,267,310,205,5,779,17,8,47.1,9,52.9,382,1613,838,16,15,1,5,4,449,48
300,Roberto López,ESP,MF|FW,Real Sociedad,20,2000,5.6,297,6,31,129,143,7,297,7,5,71.4,2,28.6,152,735,329,7,9,1,8,4,197,29
301,Unai López,ESP,MF,Athletic Club,24,1995,15.8,1176,21,184,723,279,14,1176,22,15,68.2,7,31.8,620,3197,1366,25,29,4,19,14,830,14
302,Anthony Lozano,HON,FW,Cádiz,27,1993,16.9,462,9,28,201,242,64,462,44,28,63.6,16,36.4,257,1609,873,33,25,7,55,35,357,72
303,Jeison Lucumí,COL,MF,Elche,25,1995,0.5,16,1,1,13,3,0,16,3,1,33.3,2,66.7,6,75,14,2,1,0,1,0,9,1
304,José Luis Gayà,ESP,DF,Valencia,25,1995,31.6,1796,108,563,704,549,52,1796,50,33,66.0,17,34.0,967,5715,2922,62,45,6,38,16,1029,201
305,José Luis Morales,ESP,MF|FW,Levante,33,1987,27.1,987,18,118,339,542,125,986,73,31,42.5,42,57.5,612,3960,1902,78,47,42,48,38,728,190
306,Luisinho,POR,DF,Huesca,35,1985,2.0,137,9,50,66,21,1,137,0,0,,0,,70,348,219,4,3,0,0,2,91,6
307,Luismi,ESP,MF|DF,Elche,28,1992,1.9,129,7,45,76,8,1,129,1,1,100.0,0,0.0,82,298,96,0,1,0,2,1,93,2
308,Darwin Machís,VEN,FW|MF,Granada,27,1993,22.5,835,13,133,319,409,59,833,82,45,54.9,37,45.1,488,3882,1887,68,41,23,63,41,497,119
309,Pablo Maffeo,ESP,DF,Huesca,23,1997,21.8,1292,52,402,548,358,22,1292,42,30,71.4,12,28.6,603,3341,1859,47,36,11,26,20,691,112
310,Abdallahi Mahmoud,MTN,MF,Alavés,20,2000,0.7,22,0,4,15,3,0,22,0,0,,0,,8,16,5,0,0,0,3,1,11,0
311,Nemanja Maksimović,SRB,MF,Getafe,25,1995,30.3,1056,53,227,581,255,32,1056,19,13,68.4,6,31.6,418,2249,942,20,22,6,12,19,440,32
312,Filip Malbašić,SRB,FW|MF,Cádiz,27,1992,9.6,273,5,40,100,135,23,273,13,7,53.8,6,46.2,147,889,418,19,12,8,31,12,181,41
313,Hugo Mallo,ESP,DF,Celta Vigo,29,1991,28.9,2057,92,648,927,501,36,2057,29,17,58.6,12,41.4,974,4330,2091,55,42,7,34,15,1143,153
314,Mickael Malsa,MTQ,MF,Levante,24,1995,26.0,1639,84,431,1048,170,15,1639,31,20,64.5,11,35.5,971,4369,2125,24,14,1,26,23,1139,15
315,Aïssa Mandi,ALG,DF,Betis,28,1991,26.6,1734,180,867,837,37,21,1734,2,2,100.0,0,0.0,1053,4257,2214,5,5,0,7,2,1224,3
316,Eliaquim Mangala,FRA,DF,Valencia,29,1991,3.6,142,25,85,54,4,2,142,1,1,100.0,0,0.0,47,216,114,0,0,0,0,1,54,0
317,Marcelo,BRA,DF|MF,Real Madrid,32,1988,11.7,982,19,184,444,364,24,982,14,12,85.7,2,14.3,586,2600,1418,24,26,4,14,5,715,92
318,Iván Marcone,ARG,MF,Elche,30,1990,29.4,1735,110,611,1019,115,5,1735,17,13,76.5,4,23.5,1045,4871,2357,15,7,0,21,12,1171,11
319,Óscar de Marcos,ESP,DF|MF,Athletic Club,31,1989,16.9,912,41,229,379,309,25,912,12,7,58.3,5,41.7,443,2781,1507,54,35,7,23,4,514,107
320,José Mari,ESP,MF,Cádiz,32,1987,16.1,646,48,208,361,94,5,645,25,16,64.0,9,36.0,256,1245,495,8,8,1,10,13,286,10
321,José María Giménez,URU,DF,Atlético Madrid,25,1995,19.6,1284,134,612,625,53,23,1284,2,1,50.0,1,50.0,745,3718,2222,11,6,0,2,1,899,4
322,Mariano,DOM,FW,Real Madrid,26,1993,5.7,160,7,18,57,87,25,160,12,7,58.3,5,41.7,89,629,220,7,13,5,12,14,121,30
323,Adrián Marín,ESP,DF|MF,Alavés,23,1997,1.0,69,3,11,44,16,2,69,1,0,0.0,1,100.0,36,105,47,1,1,1,1,0,33,6
324,Adrián Marín,ESP,DF|MF,Granada,23,1997,3.0,162,6,48,91,25,0,162,3,3,100.0,0,0.0,61,297,195,5,2,0,5,0,69,2
325,Roger Martí,ESP,FW,Levante,29,1991,24.4,700,9,45,305,354,99,696,19,14,73.7,5,26.3,357,1299,449,12,15,6,58,26,524,155
326,Aarón Martín,ESP,DF,Celta Vigo,23,1997,17.1,1015,52,312,461,253,16,1015,25,17,68.0,8,32.0,517,2261,1121,32,24,3,14,7,603,86
327,Álex Martín,ESP,DF,Cádiz,22,1998,1.1,50,5,14,27,10,0,50,0,0,,0,,26,88,42,1,0,0,2,0,28,1
328,Iñigo Martínez,ESP,DF,Athletic Club,29,1991,28.0,1686,149,722,903,76,20,1686,9,7,77.8,2,22.2,974,6191,4011,31,20,1,11,5,1062,7
329,Javi Martínez,ESP,MF|FW,Osasuna,20,1999,5.1,211,8,39,110,68,10,211,8,6,75.0,2,25.0,89,589,265,4,5,0,9,3,117,19
330,Marvin,ESP,DF|MF,Real Madrid,20,2000,1.5,114,2,24,61,30,3,114,6,2,33.3,4,66.7,61,340,128,6,3,2,6,1,67,10
331,Jordi Masip,ESP,GK,Valladolid,31,1989,25.0,850,750,845,6,0,0,850,0,0,,0,,404,2497,1676,0,0,0,0,0,306,0
332,Jaime Mata,ESP,FW,Getafe,31,1988,22.6,799,17,46,324,434,110,797,18,4,22.2,14,77.8,416,1477,379,14,9,7,59,20,613,134
333,Borja Mayoral,ESP,FW,Real Madrid,23,1997,0.3,10,1,1,3,6,3,10,0,0,,0,,6,24,0,0,0,0,3,0,7,5
334,Gonzalo Melero,ESP,MF|FW,Levante,26,1994,20.6,1229,38,241,717,280,32,1229,23,14,60.9,9,39.1,729,3249,1624,32,25,1,30,11,919,56
335,Brais Méndez,ESP,MF|FW,Celta Vigo,23,1997,29.7,1561,35,259,795,520,70,1560,41,12,29.3,29,70.7,961,3707,1569,37,34,11,77,44,1125,144
336,Édgar Méndez,ESP,MF|FW,Alavés,30,1990,23.2,743,18,138,325,294,55,743,39,18,46.2,21,53.8,413,2610,1055,47,21,15,66,25,458,115
337,Eñaut Mendía,ESP,FW,Eibar,21,1999,0.7,17,0,6,6,6,1,17,0,0,,0,,8,38,27,0,0,0,1,3,11,5
338,Ferland Mendy,FRA,DF,Real Madrid,25,1995,24.5,1688,62,439,710,557,39,1688,60,44,73.3,16,26.7,1116,6697,3894,87,61,17,43,25,1209,149
339,Mikel Merino,ESP,MF,Real Sociedad,24,1996,23.9,1518,46,218,886,426,55,1518,46,31,67.4,15,32.6,834,3456,1519,28,35,3,42,26,1060,75
340,Martín Merquelanz,ESP,MF|FW,Real Sociedad,25,1995,6.1,334,15,49,118,174,19,334,10,6,60.0,4,40.0,195,1098,527,18,12,4,14,8,221,58
341,Roque Mesa,ESP,MF,Valladolid,31,1989,19.6,1126,40,201,675,273,17,1125,42,34,81.0,8,19.0,699,4348,2295,44,38,5,29,40,743,45
342,Lionel Messi,ARG,FW|MF,Barcelona,33,1987,33.6,2850,0,64,1133,1687,211,2845,247,159,64.4,88,35.6,2120,13045,7076,215,222,65,57,87,2481,263
343,Omenuke Mfulu,COD,MF,Elche,26,1994,8.8,420,24,149,246,27,2,420,3,1,33.3,2,66.7,232,838,393,3,3,0,9,4,276,1
344,Míchel,ESP,MF,Valladolid,32,1988,10.5,781,20,171,451,168,5,781,18,8,44.4,10,55.6,410,1924,930,13,12,1,11,7,502,12
345,Éder Militão,BRA,DF,Real Madrid,22,1998,12.6,917,106,496,377,48,15,917,2,2,100.0,0,0.0,538,2811,1415,13,4,1,9,1,650,5
346,Luis Milla,ESP,MF,Granada,25,1994,13.9,652,21,134,392,137,3,652,26,20,76.9,6,23.1,315,1822,889,11,9,0,10,12,363,21
347,Pere Milla,ESP,FW|MF,Elche,27,1992,22.0,821,29,140,485,211,42,821,30,19,63.3,11,36.7,487,2052,1081,27,30,1,61,33,595,79
348,Álex Millán,ESP,FW,Villarreal,20,1999,0.0,1,0,0,1,0,0,1,0,0,,0,,1,17,5,0,0,0,0,0,1,0
349,Santi Mina,ESP,FW,Celta Vigo,24,1995,26.8,885,19,76,484,332,70,884,25,10,40.0,15,60.0,448,1637,684,17,18,7,70,30,674,135
350,Óscar Mingueza,ESP,DF,Barcelona,21,1999,21.1,1856,113,583,1015,265,17,1856,10,8,80.0,2,20.0,1271,5232,2932,23,32,1,9,7,1420,33
351,Rafa Mir,ESP,FW,Huesca,23,1997,32.0,802,33,86,344,389,142,799,27,15,55.6,12,44.4,380,2278,1106,42,27,19,82,19,543,117
352,Jorge Miramón,ESP,DF,Levante,31,1989,19.2,1241,90,458,453,343,19,1241,23,16,69.6,7,30.4,627,3130,1725,48,32,2,7,6,673,93
353,Juan Miranda,ESP,DF,Betis,20,2000,18.4,1160,55,330,550,282,19,1160,10,4,40.0,6,60.0,459,1757,915,21,18,0,18,8,641,89
354,Luka Modrić,CRO,MF,Real Madrid,34,1985,30.4,2554,33,430,1369,782,51,2554,74,55,74.3,19,25.7,1757,9193,4100,67,75,13,42,33,2026,108
355,Johan Mojica,COL,DF,Elche,27,1992,13.4,846,46,314,353,191,5,846,28,13,46.4,15,53.6,479,2523,1143,26,29,2,19,9,486,47
356,Guillem Molina,ESP,DF,Valencia,20,2000,1.7,85,6,39,45,3,0,85,4,3,75.0,1,25.0,38,128,78,0,0,0,0,0,38,0
357,Jorge Molina,ESP,FW,Granada,38,1982,17.9,623,20,46,302,277,58,622,11,5,45.5,6,54.5,298,1052,450,7,10,1,45,23,469,95
358,Victor Mollejo,ESP,MF|DF,Getafe,19,2001,0.8,45,0,3,24,18,3,45,4,2,50.0,2,50.0,28,177,65,3,4,1,0,3,36,8
359,Jon Moncayola,ESP,MF,Osasuna,22,1998,29.6,1440,63,349,853,253,21,1440,15,8,53.3,7,46.7,666,3001,1439,27,25,3,32,13,823,45
360,Nacho Monreal,ESP,DF,Real Sociedad,34,1986,23.1,1407,46,402,645,370,34,1407,11,8,72.7,3,27.3,678,2737,1162,24,26,1,13,9,796,119
361,Ángel Montoro,ESP,MF,Granada,32,1988,15.1,844,26,146,473,230,5,843,6,4,66.7,2,33.3,404,1562,591,1,9,0,11,8,515,22
362,Martín Montoya,ESP,DF,Betis,29,1991,2.7,196,8,40,103,55,5,196,7,5,71.4,2,28.6,76,339,142,4,5,0,5,1,114,19
363,Emre Mor,TUR,FW|MF,Celta Vigo,23,1997,5.6,183,1,18,81,90,11,183,25,16,64.0,9,36.0,111,747,306,9,6,2,18,13,123,21
364,Jon Morcillo,ESP,MF|FW,Athletic Club,21,1998,15.1,665,9,71,226,381,36,665,25,13,52.0,12,48.0,404,2814,1552,54,38,11,25,21,455,142
365,Alberto Moreno,ESP,DF,Villarreal,28,1992,2.1,121,4,31,52,39,4,121,6,4,66.7,2,33.3,71,483,267,10,6,1,0,0,78,16
366,Álex Moreno,ESP,DF,Betis,27,1993,19.8,1398,80,430,654,327,40,1398,43,26,60.5,17,39.5,766,4081,2133,61,36,16,33,11,774,84
367,Gerard Moreno,ESP,FW,Villarreal,28,1992,29.7,1490,33,131,749,630,154,1480,114,71,62.3,43,37.7,935,4799,2064,49,54,25,91,59,1274,233
368,Tete Morente,ESP,MF|FW,Elche,23,1996,22.4,1007,33,216,426,381,33,1007,75,45,60.0,30,40.0,573,3335,1404,45,33,7,51,34,695,130
369,Ilaix Moriba,GUI,MF,Barcelona,17,2003,6.0,449,5,48,254,151,23,449,19,17,89.5,2,10.5,299,1535,751,16,12,3,12,9,364,20
370,Loren Morón,ESP,FW,Betis,26,1993,11.0,335,15,33,161,143,33,335,23,11,47.8,12,52.2,187,907,325,6,12,3,36,27,251,49
371,Pedro Mosquera,ESP,MF,Huesca,32,1988,22.8,1390,63,399,902,103,5,1390,13,10,76.9,3,23.1,745,3527,1795,18,9,3,9,13,902,8
372,Javi Moyano,ESP,DF,Valladolid,34,1986,1.1,45,1,12,21,12,0,45,0,0,,0,,11,39,6,0,0,0,0,0,19,3
373,Iker Muniain,ESP,MF|FW,Athletic Club,27,1992,21.6,1220,3,61,624,553,39,1220,61,41,67.2,20,32.8,709,4338,2040,72,54,13,48,34,925,133
374,Aihen Muñoz,ESP,DF,Real Sociedad,22,1997,13.4,855,32,241,400,220,13,855,17,10,58.8,7,41.2,387,1808,996,30,20,2,7,6,443,59
375,Joaquín Muñoz,ESP,FW,Huesca,21,1999,0.5,30,0,5,12,13,2,30,4,2,50.0,2,50.0,15,123,38,2,0,2,4,0,18,6
376,Jeison Murillo,COL,DF,Celta Vigo,28,1992,30.0,1890,211,1044,817,33,17,1890,3,2,66.7,1,33.3,1145,4891,2532,4,8,1,8,8,1264,2
377,Yunus Musah,USA,MF,Valencia,17,2002,17.0,628,21,131,251,263,36,628,53,33,62.3,20,37.7,382,2677,1441,43,33,11,46,19,432,89
378,Yoshinori Mutō,JPN,FW|MF,Eibar,28,1992,12.5,355,5,21,129,213,42,355,23,15,65.2,8,34.8,193,1036,439,14,15,5,37,29,248,71
379,Nacho,ESP,DF,Valladolid,31,1989,20.1,1254,57,391,564,309,20,1254,14,9,64.3,5,35.7,576,2622,1356,28,16,4,25,9,652,67
380,Nacho,ESP,DF,Real Madrid,30,1990,22.2,1443,117,601,687,164,25,1443,10,6,60.0,4,40.0,816,4487,2733,42,28,4,10,5,1000,37
381,Nano,ESP,FW,Cádiz,25,1995,0.1,4,0,1,2,1,0,4,1,0,0.0,1,100.0,3,13,7,0,1,0,0,1,2,1
382,Roberto Navarro,ESP,MF,Real Sociedad,18,2002,0.4,28,0,2,14,12,1,28,1,0,0.0,1,100.0,15,104,45,1,3,1,0,2,15,1
383,Ximo Navarro,ESP,DF,Alavés,30,1990,26.4,1371,85,526,639,224,9,1371,29,16,55.2,13,44.8,615,3897,1653,28,31,1,27,19,610,27
384,Jesús Navas,ESP,DF,Sevilla,34,1985,31.4,2325,87,620,872,844,45,2325,30,23,76.7,7,23.3,1272,6703,3874,108,66,10,21,12,1548,278
385,Raúl Navas,ESP,DF,Osasuna,32,1988,1.9,78,15,55,21,3,2,78,0,0,,0,,33,147,71,0,0,0,0,0,32,0
386,Álvaro Negredo,ESP,FW,Cádiz,34,1985,24.4,798,27,54,436,319,73,798,39,29,74.4,10,25.6,355,1398,491,18,13,7,63,21,602,69
387,Neto,BRA,GK,Barcelona,31,1989,7.0,258,229,255,3,0,0,258,0,0,,0,,123,609,287,0,1,1,1,2,141,0
388,Carlos Neva,ESP,DF,Granada,24,1996,20.0,802,44,285,339,184,6,802,7,5,71.4,2,28.6,289,1381,679,17,10,3,12,7,320,54
389,Mamor Niang,SEN,MF|FW,Getafe,18,2002,0.2,12,0,0,8,4,1,12,1,1,100.0,0,0.0,8,19,3,0,1,0,4,1,9,2
390,Nieto,ESP,FW|DF,Cádiz,22,1998,0.2,6,0,2,1,4,1,6,0,0,,0,,2,6,0,0,0,0,0,0,2,0
391,Saúl Ñíguez,ESP,MF|DF,Atlético Madrid,25,1994,22.6,1433,44,276,793,371,56,1433,20,16,80.0,4,20.0,675,2770,1177,19,19,4,34,13,982,93
392,Nino,ESP,FW|MF,Elche,40,1980,3.2,135,1,12,86,38,8,135,4,2,50.0,2,50.0,100,473,183,7,2,1,5,6,123,15
393,Fernando Niño,ESP,FW,Villarreal,19,2000,6.6,187,2,11,86,94,28,187,11,8,72.7,3,27.3,114,615,192,9,6,5,19,11,143,43
394,Nolito,ESP,MF|FW,Celta Vigo,33,1986,28.9,1322,27,210,637,491,79,1322,55,30,54.5,25,45.5,749,2812,1389,35,34,15,46,31,873,163
395,Unai Núñez,ESP,DF,Athletic Club,23,1997,23.4,1422,182,693,698,43,16,1422,8,6,75.0,2,25.0,793,4487,2953,10,8,0,7,8,900,1
396,Kelechi Nwakali,NGA,MF|FW,Huesca,22,1998,1.6,97,3,33,57,8,0,97,4,2,50.0,2,50.0,59,338,167,1,1,0,2,2,66,3
397,Allan Nyom,CMR,MF|DF,Getafe,32,1988,25.8,1124,41,238,537,360,35,1124,24,11,45.8,13,54.2,514,2539,1020,35,34,5,30,23,574,66
398,Jan Oblak,SVN,GK,Atlético Madrid,27,1993,38.0,1071,923,1064,8,0,0,1071,1,1,100.0,0,0.0,479,3018,1896,0,0,0,0,0,364,0
399,Lucas Ocampos,ARG,FW,Sevilla,26,1994,29.2,1384,39,163,540,696,144,1379,115,67,58.3,48,41.7,833,5823,3086,104,64,44,70,46,1018,253
400,Álvaro Odriozola,ESP,DF,Real Madrid,24,1995,9.2,549,19,134,224,195,27,549,18,8,44.4,10,55.6,303,1928,906,30,14,8,12,5,359,64
401,Shinji Okazaki,JPN,FW|MF,Huesca,34,1986,12.5,282,6,23,134,125,37,282,10,4,40.0,6,60.0,152,533,169,8,7,3,37,11,208,46
402,Lucas Olaza,URU,DF,Valladolid,26,1994,14.0,829,49,269,338,228,12,829,13,7,53.8,7,53.8,354,1488,821,21,15,5,6,4,423,37
403,Lucas Olaza,URU,DF,Celta Vigo,26,1994,17.9,1141,46,369,528,253,8,1141,12,5,41.7,7,58.3,592,2635,1404,33,26,1,5,6,675,64
404,Christian Oliva,URU,MF,Valencia,24,1996,2.2,122,3,26,80,17,0,122,3,3,100.0,0,0.0,89,407,206,3,1,0,3,1,88,1
405,Kiko Olivas,ESP,DF,Valladolid,31,1988,2.0,122,10,61,57,6,2,122,0,0,,0,,69,406,271,3,3,0,1,0,78,2
406,Paulo Oliveira,POR,DF,Eibar,28,1992,29.3,1518,143,679,804,45,23,1518,6,5,83.3,1,16.7,683,3359,1697,6,4,0,6,3,695,3
407,Mathías Olivera,URU,DF,Getafe,22,1997,29.0,1478,74,368,665,468,62,1478,37,26,70.3,11,29.7,565,3093,1817,49,42,10,37,24,587,59
408,Javier Ontiveros,ESP,FW|MF,Huesca,22,1997,10.2,610,10,88,292,245,30,609,61,35,57.4,26,42.6,385,2974,1572,56,34,19,19,13,441,73
409,Fabián Orellana,CHI,MF|FW,Valladolid,34,1986,23.8,1064,12,136,431,515,67,1060,70,29,41.4,41,58.6,615,3763,1894,67,54,18,50,59,698,148
410,Mikel Oyarzabal,ESP,FW|MF,Real Sociedad,23,1997,26.8,1272,21,138,476,671,102,1265,50,23,46.0,27,54.0,685,3582,1640,46,37,18,45,42,831,186
411,Fernando Pacheco,ESP,GK,Alavés,28,1992,37.2,1161,982,1159,2,0,0,1161,0,0,,0,,504,2754,1815,0,0,0,0,0,392,0
412,Jon Pacheco,ESP,DF,Real Sociedad,19,2001,0.4,51,3,11,36,5,1,51,1,1,100.0,0,0.0,44,244,127,0,4,0,0,0,46,0
413,Helibelton Palacios,COL,DF,Elche,27,1993,8.3,406,22,147,190,71,0,406,9,6,66.7,3,33.3,202,983,531,8,9,0,9,5,204,11
414,Ante Palaversa,CRO,MF,Getafe,20,2000,0.1,10,0,2,4,4,0,10,0,0,,0,,4,20,9,0,0,0,0,0,4,0
415,Daniel Parejo,ESP,MF,Villarreal,31,1989,34.6,3037,66,578,1799,687,30,3037,49,37,75.5,12,24.5,1720,7371,3439,53,52,6,23,21,2275,41
416,Thomas Partey,GHA,MF,Atlético Madrid,27,1993,2.2,244,2,27,178,40,0,244,8,7,87.5,1,12.5,157,668,375,4,4,0,0,1,197,3
417,Gabriel Paulista,BRA,DF,Valencia,29,1990,30.2,1804,297,976,793,45,21,1804,6,5,83.3,1,16.7,1109,6033,3515,9,4,0,10,2,1141,4
418,Alfonso Pedraza,ESP,DF,Villarreal,24,1996,23.3,1504,65,427,533,555,76,1504,43,23,53.5,20,46.5,811,4733,2453,88,51,28,49,22,911,237
419,Pedri,ESP,MF,Barcelona,17,2002,26.8,1984,19,207,892,898,70,1984,41,29,70.7,12,29.3,1388,6757,2935,65,81,16,63,34,1595,128
420,Facundo Pellistri,URU,MF|FW,Alavés,18,2001,6.0,176,2,31,79,72,11,176,23,15,65.2,8,34.8,120,1079,526,21,11,7,18,17,120,32
421,Rubén Peña,ESP,DF,Villarreal,29,1991,12.4,741,27,177,320,252,26,741,47,30,63.8,17,36.2,420,2583,1441,40,24,13,24,18,460,88
422,Alberto Perea,ESP,MF,Cádiz,29,1990,17.2,755,9,135,338,301,27,755,96,63,65.6,33,34.4,487,3658,1849,61,53,14,24,35,494,74
423,Iñigo Pérez,ESP,MF|DF,Osasuna,32,1988,15.0,753,14,112,453,198,16,753,3,2,66.7,1,33.3,355,1246,626,6,5,0,9,12,452,34
424,Juan Pérez,ESP,GK,Osasuna,24,1996,3.0,94,78,94,0,0,0,94,0,0,,0,,34,229,82,0,0,0,0,0,29,0
425,Kike Pérez,ESP,MF,Valladolid,23,1997,12.9,670,21,111,381,183,18,670,25,18,72.0,7,28.0,361,2099,1072,18,15,0,28,21,435,27
426,Lucas Pérez,ESP,FW,Alavés,31,1988,19.5,827,2,40,330,472,69,823,44,29,65.9,15,34.1,468,2622,1236,44,32,15,65,23,512,136
427,Luis Pérez,ESP,DF,Valladolid,25,1995,14.4,809,64,302,332,177,3,809,12,5,41.7,7,58.3,284,1349,770,27,12,0,9,3,360,42
428,Nehuén Pérez,ARG,DF,Granada,20,2000,8.2,269,47,153,108,9,6,269,2,2,100.0,0,0.0,125,785,462,2,0,0,1,1,130,0
429,Pablo Piatti,ARG,MF|FW,Elche,31,1989,4.0,165,0,14,79,76,1,165,6,3,50.0,3,50.0,102,537,209,8,3,0,8,4,119,31
430,Cristiano Piccini,ITA,DF,Valencia,27,1992,0.7,40,5,15,16,9,2,40,1,0,0.0,1,100.0,25,120,78,0,1,0,1,1,24,7
431,Tomás Pina Isla,ESP,MF,Alavés,32,1987,28.6,1157,69,309,707,151,24,1157,19,15,78.9,4,21.1,572,2472,879,11,14,2,30,12,634,9
432,Yeremi Pino,ESP,FW|MF,Villarreal,17,2002,8.9,449,9,65,181,208,51,449,45,28,62.2,17,37.8,291,1759,970,35,21,23,36,10,334,106
433,Gerard Piqué,ESP,DF,Barcelona,33,1987,16.5,1370,131,498,836,43,16,1370,2,2,100.0,0,0.0,880,4652,2739,9,8,0,8,2,1018,3
434,Miralem Pjanić,BIH,MF,Barcelona,30,1990,7.0,829,15,156,469,212,11,829,7,7,100.0,0,0.0,512,2340,984,18,23,2,8,8,674,11
435,Óscar Plano,ESP,MF|FW,Valladolid,29,1991,28.0,1154,57,228,534,411,59,1154,26,14,53.8,12,46.2,599,2902,1140,29,28,6,55,23,703,109
436,Dani Plomer,ESP,FW,Granada,21,1998,0.5,7,1,1,4,2,0,7,0,0,,0,,3,3,1,0,0,0,0,1,4,0
437,Jorge Pombo,ESP,FW|MF,Cádiz,26,1994,5.8,268,2,36,130,109,10,268,25,15,60.0,10,40.0,165,1177,664,18,18,3,32,9,184,28
438,Pere Pons,ESP,MF,Alavés,27,1993,13.2,485,13,88,267,142,22,485,28,9,32.1,19,67.9,245,1148,534,17,13,7,25,14,292,33
439,Francisco Portillo,ESP,MF|FW,Getafe,30,1990,4.6,312,1,28,145,140,9,312,16,6,37.5,10,62.5,198,916,403,8,4,1,9,7,232,29
440,Portu,ESP,FW|MF,Real Sociedad,28,1992,24.3,757,9,69,272,428,117,757,28,14,50.0,14,50.0,425,2738,1381,56,27,22,41,22,528,201
441,Sergio Postigo,ESP,DF,Levante,31,1988,18.0,1043,164,597,427,26,4,1043,3,3,100.0,0,0.0,575,2783,1801,9,10,1,6,1,638,3
442,Darío Poveda,ESP,FW,Getafe,23,1997,0.1,9,0,0,1,8,1,9,0,0,,0,,4,8,5,0,0,0,2,0,6,2
443,Alejandro Pozo Pozo,ESP,DF|MF,Eibar,21,1999,24.3,1370,43,316,649,412,15,1370,27,14,51.9,13,48.1,649,3143,1531,37,23,6,26,9,767,80
444,Antonio Puertas,ESP,FW|MF,Granada,28,1992,24.1,929,31,156,356,426,63,929,66,43,65.2,23,34.8,492,2956,1342,49,29,14,71,41,594,140
445,Riqui Puig,ESP,MF|FW,Barcelona,20,1999,3.2,374,1,41,221,115,7,374,7,6,85.7,1,14.3,265,1535,641,11,18,2,7,0,338,15
446,Jorge Pulido,ESP,DF,Huesca,29,1991,32.1,1908,227,1003,762,155,27,1908,10,6,60.0,4,40.0,1093,5903,3626,39,34,0,7,9,1234,19
447,Domingos Quina,POR,MF,Granada,20,1999,3.8,138,2,12,67,61,7,138,7,6,85.7,1,14.3,90,436,136,5,3,4,8,11,92,14
448,Quini,ESP,DF,Granada,30,1989,13.2,666,46,255,252,165,10,666,22,13,59.1,9,40.9,272,1340,582,18,8,4,15,15,268,48
449,Quique,ESP,FW|MF,Eibar,30,1990,1.9,63,0,2,28,34,6,63,3,1,33.3,2,66.7,29,125,27,0,1,0,3,1,45,7
450,Dani Raba,ESP,MF|FW,Villarreal,24,1995,1.7,107,0,7,51,50,5,107,5,4,80.0,1,20.0,65,448,182,8,4,1,6,8,89,9
451,Uroš Račić,SRB,MF,Valencia,22,1998,24.3,1303,83,315,795,205,19,1303,35,24,68.6,11,31.4,725,3589,1436,22,20,2,29,15,827,16
452,Nemanja Radoja,SRB,MF,Levante,27,1993,12.5,768,17,171,493,108,5,768,14,11,78.6,3,21.4,477,2432,1138,16,9,0,10,8,555,19
453,Ivan Rakitić,CRO,MF,Sevilla,32,1988,24.8,1958,59,389,1157,426,37,1956,28,11,39.3,17,60.7,1192,5401,2607,34,29,2,32,16,1510,55
454,Jonás Ramalho,ESP,DF,Osasuna,27,1993,3.4,158,10,55,77,27,1,158,4,3,75.0,1,25.0,67,287,133,4,5,0,1,1,68,4
455,Sandro Ramírez,ESP,FW,Huesca,25,1995,14.3,482,3,59,214,221,45,482,44,20,45.5,24,54.5,312,1976,787,31,13,16,40,18,347,74
456,Sergio Ramos,ESP,DF,Real Madrid,34,1986,14.2,1224,123,536,617,75,18,1222,7,5,71.4,2,28.6,794,4106,2502,21,5,0,4,0,934,2
457,Recio,ESP,MF,Eibar,29,1991,8.2,522,4,43,261,227,17,521,13,9,69.2,4,30.8,325,1803,704,14,19,1,19,6,367,25
458,Francisco Reis Ferreira,POR,DF,Valencia,23,1997,2.0,87,8,48,39,0,0,87,0,0,,0,,56,132,47,0,0,0,0,1,63,0
459,Karim Rekik,NED,DF,Sevilla,25,1994,7.3,556,31,187,276,95,10,556,6,4,66.7,2,33.3,324,1493,851,16,4,1,6,4,396,16
460,Álex Remiro,ESP,GK,Real Sociedad,25,1995,38.0,1273,1119,1262,11,0,0,1273,1,1,100.0,0,0.0,679,3731,2011,0,1,0,0,0,589,0
461,Oriol Rey,ESP,MF,Valladolid,22,1998,0.2,14,1,3,9,2,0,14,0,0,,0,,10,56,14,0,0,0,0,0,11,0
462,Mikel Rico,ESP,MF,Huesca,35,1984,24.3,1109,39,289,578,264,34,1109,39,22,56.4,17,43.6,640,3077,1350,21,24,1,41,21,732,72
463,Emiliano Rigoni,ARG,MF,Elche,27,1993,12.7,542,9,86,243,223,20,542,31,14,45.2,17,54.8,310,1879,844,25,17,6,36,14,354,64
464,Luis Rioja,ESP,MF|FW,Alavés,26,1993,23.2,904,30,172,362,387,57,904,72,40,55.6,32,44.4,490,3526,1989,71,44,30,49,24,533,130
465,Rober,ESP,DF|MF,Levante,25,1995,15.8,1046,119,519,491,43,13,1046,8,7,87.5,1,12.5,615,3339,2053,12,8,1,10,5,661,1
466,Roberto,ESP,GK,Valladolid,34,1986,13.0,445,363,445,1,0,0,445,0,0,,0,,178,833,516,0,0,0,0,0,143,0
467,Sergi Roberto,ESP,DF|FW,Barcelona,28,1992,10.5,965,35,211,445,311,23,965,9,8,88.9,1,11.1,545,2234,1141,23,15,2,4,5,719,91
468,Joel Robles,ESP,GK,Betis,30,1990,18.0,597,488,592,5,0,0,597,0,0,,0,,277,1539,914,0,0,0,0,0,251,0
469,Rubén Rochina,ESP,MF,Levante,29,1991,15.6,1055,20,213,533,327,16,1055,39,30,76.9,9,23.1,652,3288,1355,26,23,1,36,34,730,59
470,Rodri,ESP,FW|MF,Betis,20,2000,6.0,305,1,29,160,125,18,305,16,9,56.3,7,43.8,202,1110,438,13,13,6,15,7,241,31
471,Kévin Rodrigues,POR,DF|MF,Eibar,26,1994,12.2,683,20,134,313,239,13,683,21,11,52.4,10,47.6,354,1676,686,14,13,0,27,27,396,56
472,Ángel Rodríguez,ESP,FW|MF,Getafe,33,1987,15.3,478,8,21,200,260,57,476,26,11,42.3,15,57.7,278,1389,433,23,14,10,54,25,364,94
473,Óscar Rodríguez Arnaiz,ESP,MF|FW,Sevilla,22,1998,5.7,399,3,45,192,168,23,399,22,12,54.5,10,45.5,251,1371,606,16,19,7,13,7,292,48
474,Guido Rodríguez,ARG,MF,Betis,26,1994,31.8,2017,104,527,1302,201,25,2017,43,35,81.4,8,18.6,1064,4061,1848,14,17,4,25,22,1234,12
475,Miguel Rodríguez,ESP,FW|DF,Celta Vigo,17,2003,0.3,19,0,2,11,6,1,19,1,1,100.0,0,0.0,16,89,52,1,0,0,0,0,14,6
476,Víctor Rodríguez,ESP,MF,Elche,31,1989,4.7,360,8,92,222,48,2,360,2,1,50.0,1,50.0,249,1321,672,9,6,0,4,4,286,7
477,Rodrygo,BRA,FW,Real Madrid,19,2001,10.9,566,3,67,220,286,60,566,40,18,45.0,22,55.0,393,2508,1490,45,34,19,30,16,453,99
478,Facundo Roncaglia,ARG,DF,Osasuna,33,1987,13.7,681,45,275,314,102,8,681,8,6,75.0,2,25.0,280,1432,656,12,11,0,13,5,267,24
479,Rubén,ESP,GK,Osasuna,36,1984,2.1,62,47,62,0,0,0,62,0,0,,0,,27,125,73,0,0,0,0,0,23,0
480,Waldo Rubio,ESP,FW|MF,Valladolid,24,1995,4.2,170,10,46,52,74,8,169,11,5,45.5,6,54.5,99,614,319,12,9,3,5,7,103,17
481,Aitor Ruibal,ESP,FW|MF,Betis,24,1996,17.7,776,5,105,320,370,64,776,60,37,61.7,23,38.3,462,2663,1365,40,26,14,50,36,545,148
482,Isma Ruiz,ESP,MF,Granada,19,2001,0.7,25,2,6,17,3,1,25,0,0,,0,,11,34,1,0,0,0,1,1,12,0
483,Víctor Ruiz,ESP,DF,Betis,31,1989,24.0,1487,152,731,735,32,9,1487,7,6,85.7,1,14.3,850,4245,2372,13,8,0,9,2,954,3
484,Gerónimo Rulli,ARG,GK,Villarreal,28,1992,2.0,100,76,100,0,0,0,100,0,0,,0,,57,263,143,0,0,0,0,0,50,0
485,Modibo Sagnan,FRA,DF,Real Sociedad,21,1999,6.9,461,55,218,229,18,8,461,6,4,66.7,2,33.3,293,1599,875,10,1,0,5,1,315,2
486,Borja Sainz,ESP,MF|FW,Alavés,19,2001,5.0,187,0,31,77,87,14,187,26,10,38.5,17,65.4,125,1002,343,14,10,5,23,10,126,36
487,Salvi,ESP,MF|FW,Cádiz,29,1991,21.5,785,29,184,251,364,24,785,33,12,36.4,21,63.6,404,2739,1156,51,32,4,49,23,462,131
488,Fede San Emeterio,ESP,MF,Valladolid,23,1997,16.2,690,53,224,401,67,3,690,3,3,100.0,0,0.0,263,852,245,0,4,1,5,4,375,0
489,Antonio Sanabria,PAR,FW,Betis,24,1996,10.4,326,11,23,176,133,42,326,19,11,57.9,8,42.1,180,971,442,14,15,3,25,8,242,37
490,Oihan Sancet,ESP,FW|MF,Athletic Club,20,2000,11.5,460,14,45,227,196,28,460,25,18,72.0,7,28.0,286,1750,782,26,18,9,26,26,357,76
491,Ricard Sánchez,ESP,DF,Atlético Madrid,20,2000,0.3,26,0,4,9,13,1,26,0,0,,0,,15,54,18,1,0,1,1,2,16,4
492,Germán Sánchez,ESP,DF,Granada,33,1986,29.3,1237,209,696,521,29,17,1237,1,1,100.0,0,0.0,532,2300,1102,5,1,0,6,2,628,5
493,Javi Sánchez,ESP,DF,Valladolid,23,1997,10.2,466,66,283,171,15,4,466,3,3,100.0,0,0.0,224,1232,663,9,6,0,5,1,274,1
494,Manu Sánchez,ESP,DF,Osasuna,19,2000,10.8,645,20,124,323,203,17,645,15,7,46.7,8,53.3,303,1551,803,20,14,3,18,6,350,54
495,Manu Sánchez,ESP,DF,Atlético Madrid,19,2000,0.5,35,3,10,15,10,1,35,0,0,,0,,19,99,54,1,0,0,0,0,21,2
496,Juan Sánchez Miño,ARG,DF|MF,Elche,30,1990,5.5,333,17,103,183,48,0,333,8,5,62.5,3,37.5,197,859,430,8,6,0,7,5,228,18
497,Pepe Sánchez,ESP,DF,Granada,20,2000,2.8,104,10,55,43,6,0,104,0,0,,0,,29,128,66,0,0,0,3,0,31,0
498,Oier Sanjurjo,ESP,MF,Osasuna,34,1986,23.2,1082,62,235,656,204,30,1082,8,5,62.5,3,37.5,404,1465,636,8,13,1,33,16,535,35
499,Ivan Šaponjić,SRB,FW,Cádiz,22,1997,4.3,126,4,8,70,50,18,125,7,5,71.4,2,28.6,63,275,106,3,3,0,11,7,102,12
500,Stefan Savić,MNE,DF,Atlético Madrid,29,1991,32.8,2015,201,844,1121,61,14,2015,6,6,100.0,0,0.0,1205,5834,3943,30,16,0,6,4,1327,2
501,Jaime Seoane,ESP,MF,Huesca,23,1997,22.9,1087,31,240,605,258,36,1087,35,20,57.1,15,42.9,639,3793,1882,42,33,4,39,21,721,47
502,Edgar Sevikyan,ARM,MF,Levante,18,2001,0.1,6,0,3,3,1,0,6,1,1,100.0,0,0.0,5,19,16,0,0,0,0,0,4,1
503,Sidnei,BRA,DF,Betis,30,1989,7.7,599,54,325,262,13,5,599,2,1,50.0,1,50.0,365,1741,726,4,6,0,5,1,411,1
504,David Silva,ESP,MF,Real Sociedad,34,1986,15.5,1009,10,77,546,401,53,1009,47,31,66.0,16,34.0,614,3802,1780,52,45,12,17,16,761,76
505,Gastón Silva,URU,DF,Huesca,26,1994,6.7,403,34,180,210,15,2,403,0,0,,0,,227,1318,912,13,2,0,2,2,261,1
506,Rui Silva,POR,GK,Granada,26,1994,32.0,1141,935,1135,6,0,0,1141,0,0,,0,,520,3229,1999,0,0,0,3,0,399,0
507,Unai Simón,ESP,GK,Athletic Club,23,1997,37.0,1111,942,1104,8,0,0,1111,1,1,100.0,0,0.0,553,2913,1921,0,0,0,2,0,419,0
508,Dimitris Siovas,GRE,DF,Huesca,31,1988,34.1,2216,248,1261,868,99,61,2216,10,9,90.0,1,10.0,1219,6343,3725,22,15,0,13,2,1406,7
509,Antonio Sivera,ESP,GK,Alavés,23,1996,0.8,22,20,22,0,0,0,22,0,0,,0,,12,77,45,0,0,0,0,0,7,0
510,Rafa Soares,POR,DF,Eibar,25,1995,12.6,835,36,213,390,239,12,835,8,4,50.0,4,50.0,337,1541,818,17,14,1,9,6,389,41
511,Rubén Sobrino,ESP,MF|FW,Valencia,28,1992,0.5,27,0,4,15,10,1,27,1,0,0.0,1,100.0,18,104,88,2,1,0,2,1,19,1
512,Rubén Sobrino,ESP,FW|MF,Cádiz,28,1992,12.4,416,13,98,174,155,21,416,33,17,51.5,16,48.5,234,1551,886,21,20,5,43,9,263,39
513,Augusto Solari,ARG,MF,Celta Vigo,28,1992,5.4,286,8,56,125,109,17,286,12,7,58.3,5,41.7,143,648,310,6,6,1,11,8,168,29
514,Roberto Soldado,ESP,FW,Granada,35,1985,16.0,476,17,36,195,246,72,474,8,4,50.0,4,50.0,211,848,304,12,8,8,30,10,306,82
515,Carlos Soler,ESP,MF,Valencia,23,1997,30.4,1833,81,361,1041,452,33,1824,39,25,64.1,14,35.9,1013,6107,3424,46,50,2,29,13,1186,30
516,Son,ESP,DF|MF,Levante,26,1994,12.3,761,40,169,323,274,26,761,18,12,66.7,6,33.3,374,1773,904,23,20,3,17,9,426,104
517,David Soria,ESP,GK,Getafe,27,1993,28.0,913,642,896,17,0,0,913,0,0,,0,,419,3086,2193,0,0,0,0,0,249,0
518,Alberto Soro,ESP,FW|MF,Granada,21,1999,4.4,166,3,23,70,76,11,166,5,2,40.0,3,60.0,94,498,225,6,6,2,6,11,94,24
519,Hugo Sotelo,ESP,MF,Celta Vigo,16,2003,0.0,0,0,0,0,0,0,0,0,0,,0,,0,0,0,0,0,0,0,0,0,0
520,Damián Suárez,URU,DF,Getafe,32,1988,27.0,1578,44,383,784,437,9,1578,39,22,56.4,17,43.6,571,2358,1349,28,27,3,30,14,654,53
521,Denis Suárez,ESP,MF,Celta Vigo,26,1994,31.7,2317,34,337,1410,592,16,2317,58,36,62.1,22,37.9,1410,7856,3874,82,80,4,56,25,1674,87
522,Luis Suárez,URU,FW,Atlético Madrid,33,1987,27.9,855,16,44,340,474,173,852,33,13,39.4,20,60.6,429,1733,798,30,15,20,61,27,683,171
523,Suso,ESP,FW,Sevilla,26,1993,24.6,1404,8,132,538,744,50,1404,69,58,84.1,11,15.9,986,5632,2517,69,64,16,50,38,1175,196
524,Tachi,ESP,DF,Alavés,22,1997,9.4,445,56,245,186,15,6,445,0,0,,0,,223,968,542,0,1,0,3,0,249,0
525,Renato Tapia,PER,MF,Celta Vigo,25,1995,30.0,1969,106,663,1142,188,16,1969,38,28,73.7,10,26.3,1092,4674,2412,26,26,0,26,24,1205,10
526,Tomás Tavares,POR,MF|DF,Alavés,19,2001,0.7,24,1,6,7,11,1,24,0,0,,0,,11,54,36,1,1,0,0,0,14,3
527,Álvaro Tejero,ESP,DF,Eibar,24,1996,1.2,116,4,26,50,40,0,116,2,1,50.0,1,50.0,47,167,87,2,1,0,1,0,64,15
528,Cristian Tello,ESP,FW|MF,Betis,28,1991,14.3,649,5,84,257,315,49,649,35,23,65.7,12,34.3,371,2389,1402,51,26,20,24,8,458,98
529,Marc-André ter Stegen,GER,GK,Barcelona,28,1992,31.0,1093,957,1084,8,2,1,1093,0,0,,0,,618,2842,1890,0,0,0,0,0,633,0
530,David Timor,ESP,MF|DF,Getafe,30,1989,15.5,745,46,189,416,143,4,745,3,2,66.7,1,33.3,254,1318,739,7,9,1,6,3,322,4
531,Toño,ESP,DF|FW,Levante,30,1989,8.1,471,18,156,183,139,8,471,13,8,61.5,5,38.5,271,1323,728,15,14,2,11,7,303,39
532,Lucas Torreira,URU,MF,Atlético Madrid,24,1996,5.8,372,16,94,230,49,3,372,2,1,50.0,1,50.0,186,822,457,6,5,1,4,4,256,4
533,Óliver Torres,ESP,MF|FW,Sevilla,25,1994,15.6,1168,7,137,675,367,21,1168,41,34,82.9,7,17.1,741,3728,1645,39,35,2,31,25,925,82
534,Pau Torres,ESP,DF,Villarreal,23,1997,33.0,2316,264,1169,1081,92,21,2316,30,25,83.3,5,16.7,1510,9417,6213,47,24,1,21,8,1685,11
535,Roberto Torres,ESP,MF|FW,Osasuna,31,1989,21.0,953,18,161,426,378,44,948,30,17,56.7,13,43.3,531,2459,1131,27,23,3,29,22,623,95
536,Lucas Torró,ESP,MF,Osasuna,26,1994,17.2,865,67,213,516,142,25,865,14,10,71.4,4,28.6,354,1382,486,5,7,1,21,9,471,15
537,Manu Trigueros,ESP,MF,Villarreal,28,1991,28.1,1836,37,308,1069,474,32,1836,33,27,81.8,6,18.2,1152,4624,2013,33,50,2,40,34,1454,68
538,Francisco Trincão,POR,FW|MF,Barcelona,20,1999,7.8,487,3,51,166,275,44,487,45,27,60.0,18,40.0,357,2268,1043,22,13,4,19,19,403,92
539,Kieran Trippier,ENG,DF,Atlético Madrid,29,1990,27.5,2054,84,538,884,642,16,2054,25,19,76.0,6,24.0,989,3798,2052,43,38,3,22,7,1280,196
540,Samuel Umtiti,FRA,DF,Barcelona,26,1993,7.2,669,50,260,401,8,2,669,1,1,100.0,0,0.0,481,2220,1467,6,0,0,5,0,522,0
541,Enes Ünal,TUR,FW,Getafe,23,1997,14.6,562,16,25,245,304,79,561,36,17,47.2,19,52.8,283,1227,443,14,15,6,62,35,436,70
542,Tomáš Vaclík,CZE,GK,Sevilla,31,1989,5.0,155,145,155,0,0,0,155,0,0,,0,,75,287,166,0,0,0,0,0,84,0
543,Eugeni Valderrama,ESP,MF|FW,Huesca,26,1994,1.3,91,5,19,60,13,0,91,0,0,,0,,56,282,128,0,1,0,0,2,66,1
544,Jesús Vallejo,ESP,DF,Granada,23,1997,15.0,645,79,356,263,30,7,645,5,4,80.0,1,20.0,314,1659,996,8,4,0,8,0,351,4
545,Manu Vallejo,ESP,FW|MF,Valencia,23,1997,10.6,394,0,30,159,211,43,394,30,9,30.0,21,70.0,244,1285,624,22,15,8,35,13,275,60
546,Federico Valverde,URU,MF,Real Madrid,22,1998,14.8,904,6,104,472,341,31,904,28,23,82.1,5,17.9,564,3531,1877,41,34,5,19,7,682,54
547,Raphaël Varane,FRA,DF,Real Madrid,27,1993,30.2,2028,213,962,1010,66,23,2028,5,5,100.0,0,0.0,1275,7940,4301,28,13,1,16,6,1427,5
548,Denis Vavro,SVK,DF,Huesca,24,1996,6.8,379,28,187,172,23,3,379,1,0,0.0,1,100.0,210,1097,599,5,4,0,2,0,235,2
549,Franco Vázquez,ARG,FW|MF,Sevilla,31,1989,1.8,133,3,21,63,49,7,133,3,2,66.7,1,33.3,87,329,114,0,3,0,4,6,104,13
550,Kevin Vázquez,ESP,DF,Celta Vigo,27,1993,6.2,416,21,168,181,68,3,416,8,3,37.5,5,62.5,200,626,212,3,2,1,10,2,215,22
551,Lucas Vázquez,ESP,DF|FW,Real Madrid,29,1991,20.5,1670,46,417,660,611,71,1670,45,32,71.1,13,28.9,1042,5100,2615,51,39,17,46,21,1249,201
552,Koke Vegas,ESP,GK,Levante,24,1995,1.0,31,25,31,0,0,0,31,0,0,,0,,11,63,40,0,0,0,0,0,5,0
553,Gabriel Veiga,ESP,MF|DF,Celta Vigo,18,2002,1.3,53,0,12,22,20,4,53,0,0,,0,,30,183,98,4,3,0,6,2,34,8
554,Unai Vencedor Paris,ESP,MF,Athletic Club,19,2000,18.9,1063,29,202,715,156,5,1063,8,8,100.0,0,0.0,564,2562,1113,7,12,0,16,12,696,9
555,Gonzalo Verdú,ESP,DF,Elche,31,1988,32.7,1872,276,1167,686,32,18,1872,12,11,91.7,1,8.3,1064,5157,2527,10,4,2,10,4,1219,1
556,Mikel Vesga,ESP,MF,Athletic Club,27,1993,19.1,1114,55,227,717,179,21,1114,11,9,81.8,2,18.2,566,2842,1322,14,17,3,22,10,686,15
557,Rúben Vezo,POR,DF,Levante,26,1994,25.7,1614,217,855,687,77,12,1614,14,10,71.4,4,28.6,914,5842,3415,25,23,0,9,3,986,6
558,Iñigo Vicente,ESP,FW|MF,Athletic Club,22,1998,0.6,62,0,2,16,45,0,62,4,3,75.0,1,25.0,38,221,139,2,4,0,0,0,45,8
559,Fede Vico,ESP,MF|FW,Granada,26,1994,8.5,419,6,69,196,161,13,419,21,12,57.1,9,42.9,237,1569,783,28,17,8,21,18,265,46
560,Aleix Vidal,ESP,DF,Sevilla,30,1989,6.6,559,14,122,262,180,7,559,9,4,44.4,5,55.6,316,1616,720,14,15,1,8,1,368,74
561,Nacho Vidal,ESP,DF,Osasuna,25,1995,26.1,1335,96,461,576,305,22,1335,33,15,45.5,18,54.5,509,2915,1330,18,27,1,25,15,586,58
562,Toni Villa,ESP,MF|FW,Valladolid,25,1995,10.8,558,4,82,242,241,30,558,48,23,47.9,25,52.1,351,1988,1050,35,25,12,34,18,388,67
563,Asier Villalibre,ESP,FW,Athletic Club,22,1997,17.7,431,15,24,191,217,71,431,9,3,33.3,6,66.7,236,1215,560,25,9,12,41,28,362,107
564,Iván Villar,ESP,GK,Celta Vigo,23,1997,19.8,740,658,739,1,0,0,740,0,0,,0,,357,1835,1032,0,0,0,1,0,284,0
565,Vitolo,ESP,MF|FW,Atlético Madrid,30,1989,3.3,186,2,25,79,83,14,186,4,2,50.0,2,50.0,110,511,268,7,3,4,11,2,151,33
566,Šime Vrsaljko,CRO,FW|DF,Atlético Madrid,28,1992,5.8,390,14,96,185,110,0,390,2,1,50.0,1,50.0,165,647,315,13,7,0,8,2,207,39
567,Nikola Vukčević,MNE,MF,Levante,28,1991,9.0,378,22,134,219,26,2,378,4,3,75.0,1,25.0,195,674,262,1,2,0,2,1,254,3
568,Daniel Wass,DEN,MF|DF,Valencia,31,1989,33.1,1936,108,525,978,453,35,1935,17,9,52.9,8,47.1,1013,4346,2247,37,45,3,28,13,1203,89
569,Shon Weissman,ISR,FW,Valladolid,24,1996,23.7,521,8,44,223,257,74,521,17,8,47.1,9,52.9,224,956,359,17,8,4,49,12,315,73
570,Iñaki Williams,GHA,FW,Athletic Club,26,1994,26.5,837,24,52,311,479,132,836,59,33,55.9,26,44.1,477,3059,1551,73,26,41,67,53,682,233
571,Nico Williams,ESP,MF,Athletic Club,18,2002,0.6,23,0,4,5,14,5,23,3,3,100.0,0,0.0,12,110,36,2,1,1,1,1,17,8
572,Jawad El Yamiq,MAR,DF,Valladolid,28,1992,15.3,835,125,463,343,36,14,835,3,2,66.7,1,33.3,364,1761,815,6,9,2,7,0,398,3
573,Rubén Yáñez,ESP,GK,Getafe,26,1993,10.0,281,228,279,2,0,0,281,0,0,,0,,138,1033,734,0,0,0,1,0,102,0
574,Yoel,ESP,GK,Eibar,31,1988,3.3,123,86,122,1,0,0,123,0,0,,0,,78,384,211,0,0,0,0,0,46,0
575,Okay Yokuşlu,TUR,MF,Celta Vigo,26,1994,5.1,336,15,86,220,36,6,336,9,7,77.8,2,22.2,194,968,474,7,4,1,13,5,214,6
576,Joseba Zaldúa,ESP,DF,Real Sociedad,28,1992,7.1,456,19,130,190,138,6,456,7,1,14.3,6,85.7,230,946,485,12,13,0,7,2,246,44
577,Oier Zarraga,ESP,MF,Athletic Club,21,1999,1.1,50,0,5,30,16,2,50,4,2,50.0,2,50.0,32,226,135,1,4,0,0,0,41,5
578,Igor Zubeldia,ESP,DF,Real Sociedad,23,1997,21.8,1372,120,597,725,54,10,1372,9,7,77.8,2,22.2,832,5238,3214,17,5,0,12,6,922,3
579,Martín Zubimendi,ESP,MF,Real Sociedad,21,1999,20.9,1318,75,330,860,138,12,1318,15,12,80.0,3,20.0,754,4504,2453,25,24,1,24,8,891,11
580,Martin Ødegaard,NOR,MF,Real Madrid,21,1998,2.6,186,1,21,88,80,3,186,1,1,100.0,0,0.0,125,660,275,7,9,1,5,1,155,18
581,Blanco,,MF,Real Madrid,20,2000,2.4,,,,,,,,,,,,,,,,,,,,,,
582,Hugo Guillamón,,DF|MF,Valencia,20,2000,22.1,,,,,,,,,,,,,,,,,,,,,,
